[2026-09-04 14:03:14.698] [INFO] [Plugin:esr.extended-states] TRACE state 18 -> SET  unit 00000001E5C1C060 statlist 00000000830F8450 caller +335578
[2026-09-04 14:03:14.710] [INFO] [Plugin:esr.extended-states] TRACE state 19 -> SET  unit 00000001E5C1C060 statlist 00000000830F8450 caller +335578
[2026-09-04 14:03:14.719] [INFO] [Plugin:esr.extended-states] TRACE state 21 -> SET  unit 00000001E5C1C060 statlist 00000000830F8450 caller +335578
[2026-09-04 14:03:14.726] [INFO] [Plugin:esr.extended-states] TRACE state 23 -> SET  unit 00000001E5C1C060 statlist 00000000830F8450 caller +335578
[2026-09-04 14:03:14.734] [INFO] [Plugin:esr.extended-states] TRACE state 33 -> SET  unit 00000001E5C1C060 statlist 00000000830F8450 caller +335578
[2026-09-04 14:03:14.741] [INFO] [Plugin:esr.extended-states] TRACE state 33 -> CLEAR  unit 00000001E5C1C060 statlist 00000000830F8450 caller +335578
[2026-09-04 14:03:14.749] [INFO] [Plugin:esr.extended-states] TRACE state 33 -> SET  unit 00000001E5C1C060 statlist 00000000830F8450 caller +335578
[2026-09-04 14:03:14.757] [INFO] [Plugin:esr.extended-states] TRACE state 18 -> SET  unit 00000001E5C1C220 statlist 00000000830F8FD0 caller +335578
[2026-09-04 14:03:14.764] [INFO] [Plugin:esr.extended-states] TRACE state 19 -> SET  unit 00000001E5C1C220 statlist 00000000830F8FD0 caller +335578
[2026-09-04 14:03:14.773] [INFO] [Plugin:esr.extended-states] TRACE state 21 -> SET  unit 00000001E5C1C220 statlist 00000000830F8FD0 caller +335578
[2026-09-04 14:03:14.781] [INFO] [Plugin:esr.extended-states] TRACE state 23 -> SET  unit 00000001E5C1C220 statlist 00000000830F8FD0 caller +335578
[2026-09-04 14:03:14.791] [INFO] [Plugin:esr.extended-states] TRACE state 33 -> SET  unit 00000001E5C1C220 statlist 00000000830F8FD0 caller +335578
[2026-09-04 14:03:14.800] [INFO] [Plugin:esr.extended-states] TRACE state 33 -> CLEAR  unit 00000001E5C1C220 statlist 00000000830F8FD0 caller +335578
[2026-09-04 14:03:14.811] [INFO] [Plugin:esr.extended-states] TRACE state 33 -> SET  unit 00000001E5C1C220 statlist 00000000830F8FD0 caller +335578
[2026-09-04 14:03:14.820] [INFO] [Plugin:esr.extended-states] TRACE state 18 -> SET  unit 00000001E5C1C3E0 statlist 00000000830F9B50 caller +335578
[2026-09-04 14:03:14.830] [INFO] [Plugin:esr.extended-states] TRACE state 19 -> SET  unit 00000001E5C1C3E0 statlist 00000000830F9B50 caller +335578
[2026-09-04 14:03:14.838] [INFO] [Plugin:esr.extended-states] TRACE state 21 -> SET  unit 00000001E5C1C3E0 statlist 00000000830F9B50 caller +335578
[2026-09-04 14:03:14.848] [INFO] [Plugin:esr.extended-states] TRACE state 23 -> SET  unit 00000001E5C1C3E0 statlist 00000000830F9B50 caller +335578
[2026-09-04 14:03:14.857] [INFO] [Plugin:esr.extended-states] TRACE state 33 -> SET  unit 00000001E5C1C3E0 statlist 00000000830F9B50 caller +335578
[2026-09-04 14:03:14.866] [INFO] [Plugin:esr.extended-states] TRACE state 33 -> CLEAR  unit 00000001E5C1C3E0 statlist 00000000830F9B50 caller +335578
[2026-09-04 14:03:14.875] [INFO] [Plugin:esr.extended-states] TRACE state 33 -> SET  unit 00000001E5C1C3E0 statlist 00000000830F9B50 caller +335578
[2026-09-04 14:03:14.888] [INFO] [Plugin:esr.extended-states] TRACE state 18 -> SET  unit 00000001E5C1C5A0 statlist 00000000830FA6D0 caller +335578
[2026-09-04 14:03:14.899] [INFO] [Plugin:esr.extended-states] TRACE state 19 -> SET  unit 00000001E5C1C5A0 statlist 00000000830FA6D0 caller +335578
[2026-09-04 14:03:14.910] [INFO] [Plugin:esr.extended-states] TRACE state 21 -> SET  unit 00000001E5C1C5A0 statlist 00000000830FA6D0 caller +335578
[2026-09-04 14:03:14.920] [INFO] [Plugin:esr.extended-states] TRACE state 23 -> SET  unit 00000001E5C1C5A0 statlist 00000000830FA6D0 caller +335578
[2026-09-04 14:03:14.931] [INFO] [Plugin:esr.extended-states] TRACE state 33 -> SET  unit 00000001E5C1C5A0 statlist 00000000830FA6D0 caller +335578
[2026-09-04 14:03:14.941] [INFO] [Plugin:esr.extended-states] TRACE state 33 -> CLEAR  unit 00000001E5C1C5A0 statlist 00000000830FA6D0 caller +335578
[2026-09-04 14:03:14.953] [INFO] [Plugin:esr.extended-states] TRACE state 33 -> SET  unit 00000001E5C1C5A0 statlist 00000000830FA6D0 caller +335578
[2026-09-04 14:03:14.963] [INFO] [Plugin:esr.extended-states] TRACE state 18 -> SET  unit 00000001E5C1C760 statlist 00000000830FB250 caller +335578
[2026-09-04 14:03:14.971] [INFO] [Plugin:esr.extended-states] TRACE state 19 -> SET  unit 00000001E5C1C760 statlist 00000000830FB250 caller +335578
[2026-09-04 14:03:14.980] [INFO] [Plugin:esr.extended-states] TRACE state 21 -> SET  unit 00000001E5C1C760 statlist 00000000830FB250 caller +335578
[2026-09-04 14:03:14.989] [INFO] [Plugin:esr.extended-states] TRACE state 23 -> SET  unit 00000001E5C1C760 statlist 00000000830FB250 caller +335578
[2026-09-04 14:03:14.998] [INFO] [Plugin:esr.extended-states] TRACE state 33 -> SET  unit 00000001E5C1C760 statlist 00000000830FB250 caller +335578
[2026-09-04 14:03:15.005] [INFO] [Plugin:esr.extended-states] TRACE state 33 -> CLEAR  unit 00000001E5C1C760 statlist 00000000830FB250 caller +335578
[2026-09-04 14:03:15.015] [INFO] [Plugin:esr.extended-states] TRACE state 33 -> SET  unit 00000001E5C1C760 statlist 00000000830FB250 caller +335578
[2026-09-04 14:03:15.023] [INFO] [Plugin:esr.extended-states] TRACE state 33 -> CLEAR  unit 00000001E5C1C920 statlist 00000000830FBDD0 caller +335578
[2026-09-04 14:03:15.031] [INFO] [Plugin:esr.extended-states] TRACE state 33 -> CLEAR  unit 00000001E5C1CAE0 statlist 00000000830FC950 caller +335578
[2026-09-04 14:03:15.040] [INFO] [Plugin:esr.extended-states] TRACE state 33 -> CLEAR  unit 00000001E5C1CCA0 statlist 00000000830FD4D0 caller +335578
[2026-09-04 14:03:15.049] [INFO] [Plugin:esr.extended-states] TRACE state 33 -> CLEAR  unit 00000001E5C1CE60 statlist 00000000830FE050 caller +335578
[2026-09-04 14:03:15.057] [INFO] [Plugin:esr.extended-states] TRACE state 33 -> CLEAR  unit 00000001E5C1D020 statlist 00000000830FEBD0 caller +335578
[2026-09-04 14:03:15.066] [INFO] [Plugin:esr.extended-states] TRACE state 33 -> CLEAR  unit 00000001E5C1D1E0 statlist 00000000830FF750 caller +335578
[2026-09-04 14:03:15.074] [INFO] [Plugin:esr.extended-states] TRACE state 33 -> CLEAR  unit 00000001E5C1D3A0 statlist 00000000831002D0 caller +335578
[2026-09-04 14:03:15.083] [INFO] [Plugin:esr.extended-states] TRACE state 33 -> CLEAR  unit 00000001E5C1D560 statlist 0000000083100E50 caller +335578
[2026-09-04 14:03:15.090] [INFO] [Plugin:esr.extended-states] TRACE state 33 -> CLEAR  unit 00000001E5C1D720 statlist 00000000831019D0 caller +335578
[2026-09-04 14:03:15.099] [INFO] [Plugin:esr.extended-states] TRACE state 33 -> CLEAR  unit 00000001E5C1D8E0 statlist 0000000083102550 caller +335578
[2026-09-04 14:03:15.107] [INFO] [Plugin:esr.extended-states] TRACE state 33 -> CLEAR  unit 00000001E5C1DAA0 statlist 00000000831030D0 caller +335578
[2026-09-04 14:03:15.115] [INFO] [Plugin:esr.extended-states] TRACE state 33 -> CLEAR  unit 00000001E5C1DC60 statlist 0000000083103C50 caller +335578
[2026-09-04 14:03:15.123] [INFO] [Plugin:esr.extended-states] TRACE state 33 -> CLEAR  unit 00000001E5C1DE20 statlist 00000000831047D0 caller +335578
[2026-09-04 14:03:15.131] [INFO] [Plugin:esr.extended-states] TRACE state 33 -> CLEAR  unit 00000001E5C1DFE0 statlist 0000000083105350 caller +335578
[2026-09-04 14:03:15.139] [INFO] [Plugin:esr.extended-states] TRACE state 33 -> CLEAR  unit 00000001E5C1E1A0 statlist 0000000083105ED0 caller +335578
[2026-09-04 14:03:15.148] [INFO] [Plugin:esr.extended-states] TRACE state 33 -> CLEAR  unit 00000001E5C1E360 statlist 0000000083106A50 caller +335578
[2026-09-04 14:03:15.156] [INFO] [Plugin:esr.extended-states] TRACE state 33 -> CLEAR  unit 00000001E5C1E520 statlist 00000000831075D0 caller +335578
[2026-09-04 14:03:15.165] [INFO] [Plugin:esr.extended-states] TRACE state 33 -> CLEAR  unit 00000001E5C1E6E0 statlist 0000000083108150 caller +335578
[2026-09-04 14:03:15.173] [INFO] [Plugin:esr.extended-states] TRACE state 33 -> CLEAR  unit 00000001E5C1E8A0 statlist 0000000083108CD0 caller +335578
[2026-09-04 14:03:15.183] [INFO] [Plugin:esr.extended-states] TRACE state 33 -> CLEAR  unit 00000001E5C1EA60 statlist 0000000083109850 caller +335578
[2026-09-04 14:03:15.192] [INFO] [Plugin:esr.extended-states] TRACE state 33 -> CLEAR  unit 00000001E5C1EC20 statlist 000000008310A3D0 caller +335578
[2026-09-04 14:03:15.202] [INFO] [Plugin:esr.extended-states] TRACE state 33 -> CLEAR  unit 00000001E5C1EDE0 statlist 000000008310AF50 caller +335578
[2026-09-04 14:03:15.211] [INFO] [Plugin:esr.extended-states] TRACE state 33 -> CLEAR  unit 00000001E5C1EFA0 statlist 000000008310BAD0 caller +335578
[2026-09-04 14:03:15.219] [INFO] [Plugin:esr.extended-states] TRACE state 33 -> CLEAR  unit 00000001E5C1F160 statlist 000000008310C650 caller +335578
[2026-09-04 14:03:15.228] [INFO] [Plugin:esr.extended-states] TRACE state 33 -> CLEAR  unit 00000001E5C1F320 statlist 000000008310D1D0 caller +335578
[2026-09-04 14:08:12.126] [INFO] [Plugin:esr.extended-states] esr.extended-states 2.4.0: 4096 states, 1024 byte bitmaps in plugin memory, game pool untouched.
[2026-09-04 14:08:12.367] [INFO] [Plugin:esr.extended-states] Hooks installed and cap patches applied.
[2026-09-04 14:08:27.581] [INFO] [Plugin:esr.extended-states] TRACE state 18 -> SET  unit 000000011160BC80 callers +335578 +21A9A4 +12EABA +13189D +95501 +8C13F +87446 +B6B7B
[2026-09-04 14:08:27.596] [INFO] [Plugin:esr.extended-states] TRACE state 19 -> SET  unit 000000011160BC80 callers +335578 +21A9A4 +12EABA +13189D +95501 +8C13F +87446 +B6B7B
[2026-09-04 14:08:27.609] [INFO] [Plugin:esr.extended-states] TRACE state 21 -> SET  unit 000000011160BC80 callers +335578 +21A9A4 +12EABA +13189D +95501 +8C13F +87446 +B6B7B
[2026-09-04 14:08:27.624] [INFO] [Plugin:esr.extended-states] TRACE state 23 -> SET  unit 000000011160BC80 callers +335578 +21A9A4 +12EABA +13189D +95501 +8C13F +87446 +B6B7B
[2026-09-04 14:08:27.641] [INFO] [Plugin:esr.extended-states] TRACE state 33 -> SET  unit 000000011160BC80 callers +335578 +21A9A4 +12EABA +13189D +95501 +8C13F +87446 +B6B7B
[2026-09-04 14:08:27.658] [INFO] [Plugin:esr.extended-states] TRACE state 33 -> CLEAR  unit 000000011160BC80 callers +335578 +21B772 +21A9C6 +12EABA +13189D +95501 +8C13F +87446
[2026-09-04 14:08:27.674] [INFO] [Plugin:esr.extended-states] TRACE state 33 -> SET  unit 000000011160BC80 callers +335578 +21B791 +21A9C6 +12EABA +13189D +95501 +8C13F +87446
[2026-09-04 14:08:27.687] [INFO] [Plugin:esr.extended-states] TRACE state 18 -> SET  unit 000000011160BE40 callers +335578 +21A9A4 +12EABA +13189D +95501 +8C13F +87446 +B6B7B
[2026-09-04 14:08:27.699] [INFO] [Plugin:esr.extended-states] TRACE state 19 -> SET  unit 000000011160BE40 callers +335578 +21A9A4 +12EABA +13189D +95501 +8C13F +87446 +B6B7B
[2026-09-04 14:08:27.710] [INFO] [Plugin:esr.extended-states] TRACE state 21 -> SET  unit 000000011160BE40 callers +335578 +21A9A4 +12EABA +13189D +95501 +8C13F +87446 +B6B7B
[2026-09-04 14:08:27.721] [INFO] [Plugin:esr.extended-states] TRACE state 23 -> SET  unit 000000011160BE40 callers +335578 +21A9A4 +12EABA +13189D +95501 +8C13F +87446 +B6B7B
[2026-09-04 14:08:27.732] [INFO] [Plugin:esr.extended-states] TRACE state 33 -> SET  unit 000000011160BE40 callers +335578 +21A9A4 +12EABA +13189D +95501 +8C13F +87446 +B6B7B
[2026-09-04 14:08:27.745] [INFO] [Plugin:esr.extended-states] TRACE state 33 -> CLEAR  unit 000000011160BE40 callers +335578 +21B772 +21A9C6 +12EABA +13189D +95501 +8C13F +87446
[2026-09-04 14:08:27.757] [INFO] [Plugin:esr.extended-states] TRACE state 33 -> SET  unit 000000011160BE40 callers +335578 +21B791 +21A9C6 +12EABA +13189D +95501 +8C13F +87446
[2026-09-04 14:08:27.769] [INFO] [Plugin:esr.extended-states] TRACE state 18 -> SET  unit 000000011160C000 callers +335578 +21A9A4 +12EABA +13189D +95501 +8C13F +87446 +B6B7B
[2026-09-04 14:08:27.781] [INFO] [Plugin:esr.extended-states] TRACE state 19 -> SET  unit 000000011160C000 callers +335578 +21A9A4 +12EABA +13189D +95501 +8C13F +87446 +B6B7B
[2026-09-04 14:08:27.793] [INFO] [Plugin:esr.extended-states] TRACE state 21 -> SET  unit 000000011160C000 callers +335578 +21A9A4 +12EABA +13189D +95501 +8C13F +87446 +B6B7B
[2026-09-04 14:08:27.805] [INFO] [Plugin:esr.extended-states] TRACE state 23 -> SET  unit 000000011160C000 callers +335578 +21A9A4 +12EABA +13189D +95501 +8C13F +87446 +B6B7B
[2026-09-04 14:08:27.817] [INFO] [Plugin:esr.extended-states] TRACE state 33 -> SET  unit 000000011160C000 callers +335578 +21A9A4 +12EABA +13189D +95501 +8C13F +87446 +B6B7B
[2026-09-04 14:08:27.827] [INFO] [Plugin:esr.extended-states] TRACE state 33 -> CLEAR  unit 000000011160C000 callers +335578 +21B772 +21A9C6 +12EABA +13189D +95501 +8C13F +87446
[2026-09-04 14:08:27.838] [INFO] [Plugin:esr.extended-states] TRACE state 33 -> SET  unit 000000011160C000 callers +335578 +21B791 +21A9C6 +12EABA +13189D +95501 +8C13F +87446
[2026-09-04 14:08:27.848] [INFO] [Plugin:esr.extended-states] TRACE state 18 -> SET  unit 000000011160C1C0 callers +335578 +21A9A4 +12EABA +13189D +95501 +8C13F +87446 +B6B7B
[2026-09-04 14:08:27.858] [INFO] [Plugin:esr.extended-states] TRACE state 19 -> SET  unit 000000011160C1C0 callers +335578 +21A9A4 +12EABA +13189D +95501 +8C13F +87446 +B6B7B
[2026-09-04 14:08:27.868] [INFO] [Plugin:esr.extended-states] TRACE state 21 -> SET  unit 000000011160C1C0 callers +335578 +21A9A4 +12EABA +13189D +95501 +8C13F +87446 +B6B7B
[2026-09-04 14:08:27.878] [INFO] [Plugin:esr.extended-states] TRACE state 23 -> SET  unit 000000011160C1C0 callers +335578 +21A9A4 +12EABA +13189D +95501 +8C13F +87446 +B6B7B
[2026-09-04 14:08:27.887] [INFO] [Plugin:esr.extended-states] TRACE state 33 -> SET  unit 000000011160C1C0 callers +335578 +21A9A4 +12EABA +13189D +95501 +8C13F +87446 +B6B7B
[2026-09-04 14:08:27.898] [INFO] [Plugin:esr.extended-states] TRACE state 33 -> CLEAR  unit 000000011160C1C0 callers +335578 +21B772 +21A9C6 +12EABA +13189D +95501 +8C13F +87446
[2026-09-04 14:08:27.908] [INFO] [Plugin:esr.extended-states] TRACE state 33 -> SET  unit 000000011160C1C0 callers +335578 +21B791 +21A9C6 +12EABA +13189D +95501 +8C13F +87446
[2026-09-04 14:08:27.919] [INFO] [Plugin:esr.extended-states] TRACE state 18 -> SET  unit 000000011160C380 callers +335578 +21A9A4 +12EABA +13189D +95501 +8C13F +87446 +B6B7B
[2026-09-04 14:08:27.929] [INFO] [Plugin:esr.extended-states] TRACE state 19 -> SET  unit 000000011160C380 callers +335578 +21A9A4 +12EABA +13189D +95501 +8C13F +87446 +B6B7B
[2026-09-04 14:08:27.940] [INFO] [Plugin:esr.extended-states] TRACE state 21 -> SET  unit 000000011160C380 callers +335578 +21A9A4 +12EABA +13189D +95501 +8C13F +87446 +B6B7B
[2026-09-04 14:08:27.951] [INFO] [Plugin:esr.extended-states] TRACE state 23 -> SET  unit 000000011160C380 callers +335578 +21A9A4 +12EABA +13189D +95501 +8C13F +87446 +B6B7B
[2026-09-04 14:08:27.962] [INFO] [Plugin:esr.extended-states] TRACE state 33 -> SET  unit 000000011160C380 callers +335578 +21A9A4 +12EABA +13189D +95501 +8C13F +87446 +B6B7B
[2026-09-04 14:08:27.973] [INFO] [Plugin:esr.extended-states] TRACE state 33 -> CLEAR  unit 000000011160C380 callers +335578 +21B772 +21A9C6 +12EABA +13189D +95501 +8C13F +87446
[2026-09-04 14:08:27.984] [INFO] [Plugin:esr.extended-states] TRACE state 33 -> SET  unit 000000011160C380 callers +335578 +21B791 +21A9C6 +12EABA +13189D +95501 +8C13F +87446
[2026-09-04 14:08:27.993] [INFO] [Plugin:esr.extended-states] TRACE state 33 -> CLEAR  unit 000000011160C540 callers +335578 +21B772 +21A9C6 +12EABA +13189D +95501 +8C13F +87446
[2026-09-04 14:08:28.003] [INFO] [Plugin:esr.extended-states] TRACE state 33 -> CLEAR  unit 000000011160C700 callers +335578 +21B772 +21A9C6 +12EABA +13189D +95501 +8C13F +87446
[2026-09-04 14:08:28.012] [INFO] [Plugin:esr.extended-states] TRACE state 33 -> CLEAR  unit 000000011160C8C0 callers +335578 +21B772 +21A9C6 +12EABA +13189D +95501 +8C13F +87446
[2026-09-04 14:08:28.021] [INFO] [Plugin:esr.extended-states] TRACE state 33 -> CLEAR  unit 000000011160CA80 callers +335578 +21B772 +21A9C6 +12EABA +13189D +95501 +8C13F +87446
[2026-09-04 14:08:28.032] [INFO] [Plugin:esr.extended-states] TRACE state 33 -> CLEAR  unit 000000011160CC40 callers +335578 +21B772 +21A9C6 +12EABA +13189D +95501 +8C13F +87446
[2026-09-04 14:08:28.042] [INFO] [Plugin:esr.extended-states] TRACE state 33 -> CLEAR  unit 000000011160CE00 callers +335578 +21B772 +21A9C6 +12EABA +13189D +95501 +8C13F +87446
[2026-09-04 14:08:28.053] [INFO] [Plugin:esr.extended-states] TRACE state 33 -> CLEAR  unit 000000011160CFC0 callers +335578 +21B772 +21A9C6 +12EABA +13189D +95501 +8C13F +87446
[2026-09-04 14:08:28.063] [INFO] [Plugin:esr.extended-states] TRACE state 33 -> CLEAR  unit 000000011160D180 callers +335578 +21B772 +21A9C6 +12EABA +13189D +95501 +8C13F +87446
[2026-09-04 14:08:28.074] [INFO] [Plugin:esr.extended-states] TRACE state 33 -> CLEAR  unit 000000011160D340 callers +335578 +21B772 +21A9C6 +12EABA +13189D +95501 +8C13F +87446
[2026-09-04 14:08:28.085] [INFO] [Plugin:esr.extended-states] TRACE state 33 -> CLEAR  unit 000000011160D500 callers +335578 +21B772 +21A9C6 +12EABA +13189D +95501 +8C13F +87446
[2026-09-04 14:08:28.096] [INFO] [Plugin:esr.extended-states] TRACE state 33 -> CLEAR  unit 000000011160D6C0 callers +335578 +21B772 +21A9C6 +12EABA +13189D +95501 +8C13F +87446
[2026-09-04 14:08:28.107] [INFO] [Plugin:esr.extended-states] TRACE state 33 -> CLEAR  unit 000000011160D880 callers +335578 +21B772 +21A9C6 +12EABA +13189D +95501 +8C13F +87446
[2026-09-04 14:08:28.119] [INFO] [Plugin:esr.extended-states] TRACE state 33 -> CLEAR  unit 000000011160DA40 callers +335578 +21B772 +21A9C6 +12EABA +13189D +95501 +8C13F +87446
[2026-09-04 14:08:28.129] [INFO] [Plugin:esr.extended-states] TRACE state 33 -> CLEAR  unit 000000011160DC00 callers +335578 +21B772 +21A9C6 +12EABA +13189D +95501 +8C13F +87446
[2026-09-04 14:08:28.140] [INFO] [Plugin:esr.extended-states] TRACE state 33 -> CLEAR  unit 000000011160DDC0 callers +335578 +21B772 +21A9C6 +12EABA +13189D +95501 +8C13F +87446
[2026-09-04 14:08:28.151] [INFO] [Plugin:esr.extended-states] TRACE state 33 -> CLEAR  unit 000000011160DF80 callers +335578 +21B772 +21A9C6 +12EABA +13189D +95501 +8C13F +87446
[2026-09-04 14:08:28.161] [INFO] [Plugin:esr.extended-states] TRACE state 33 -> CLEAR  unit 000000011160E140 callers +335578 +21B772 +21A9C6 +12EABA +13189D +95501 +8C13F +87446
[2026-09-04 14:08:28.171] [INFO] [Plugin:esr.extended-states] TRACE state 33 -> CLEAR  unit 000000011160E300 callers +335578 +21B772 +21A9C6 +12EABA +13189D +95501 +8C13F +87446
[2026-09-04 14:08:28.182] [INFO] [Plugin:esr.extended-states] TRACE state 33 -> CLEAR  unit 000000011160E4C0 callers +335578 +21B772 +21A9C6 +12EABA +13189D +95501 +8C13F +87446
[2026-09-04 14:08:28.192] [INFO] [Plugin:esr.extended-states] TRACE state 33 -> CLEAR  unit 000000011160E680 callers +335578 +21B772 +21A9C6 +12EABA +13189D +95501 +8C13F +87446
[2026-09-04 14:08:28.201] [INFO] [Plugin:esr.extended-states] TRACE state 33 -> CLEAR  unit 000000011160E840 callers +335578 +21B772 +21A9C6 +12EABA +13189D +95501 +8C13F +87446
[2026-09-04 14:08:28.211] [INFO] [Plugin:esr.extended-states] TRACE state 33 -> CLEAR  unit 000000011160EA00 callers +335578 +21B772 +21A9C6 +12EABA +13189D +95501 +8C13F +87446
[2026-09-04 14:08:28.222] [INFO] [Plugin:esr.extended-states] TRACE state 33 -> CLEAR  unit 000000011160EBC0 callers +335578 +21B772 +21A9C6 +12EABA +13189D +95501 +8C13F +87446
[2026-09-04 14:08:28.231] [INFO] [Plugin:esr.extended-states] TRACE state 33 -> CLEAR  unit 000000011160ED80 callers +335578 +21B772 +21A9C6 +12EABA +13189D +95501 +8C13F +87446
[2026-09-04 14:08:28.241] [INFO] [Plugin:esr.extended-states] TRACE state 33 -> CLEAR  unit 000000011160EF40 callers +335578 +21B772 +21A9C6 +12EABA +13189D +95501 +8C13F +87446
[2026-09-04 14:18:09.363] [INFO] [Plugin:esr.extended-states] esr.extended-states 2.4.0: 4096 states, 1024 byte bitmaps in plugin memory, game pool untouched.
[2026-09-04 14:18:09.604] [INFO] [Plugin:esr.extended-states] Hooks installed and cap patches applied.
[2026-09-04 14:18:26.611] [INFO] [Plugin:esr.extended-states] TRACE state 33 -> CLEAR  unit 00000001AA9E5C60 callers +335578 +156B4F +1533EB +FAA7A +9D98C +94FDD +8C596 +87446 +B6B7B +B667F +7E9CC
[2026-09-04 14:18:26.632] [INFO] [Plugin:esr.extended-states] TRACE state 33 -> SET  unit 00000001AA9E5C60 callers +335578 +156B74 +1533EB +FAA7A +9D98C +94FDD +8C596 +87446 +B6B7B +B667F +7E9CC
[2026-09-04 14:18:26.648] [INFO] [Plugin:esr.extended-states] TRACE state 33 -> CLEAR  unit 00000001AA9D7C60 callers +335578 +156B4F +1533EB +FAA7A +9D98C +94FDD +8C596 +87446 +B6B7B +B667F +7E9CC
[2026-09-04 14:18:26.667] [INFO] [Plugin:esr.extended-states] TRACE state 33 -> SET  unit 00000001AA9D7C60 callers +335578 +156B74 +1533EB +FAA7A +9D98C +94FDD +8C596 +87446 +B6B7B +B667F +7E9CC
[2026-09-04 14:18:26.687] [INFO] [Plugin:esr.extended-states] TRACE state 33 -> CLEAR  unit 0000000116DC6080 callers +335578 +156B4F +1533EB +FAA7A +9D98C +94FDD +8C596 +87446 +B6B7B +B667F +7E9CC
[2026-09-04 14:18:26.707] [INFO] [Plugin:esr.extended-states] TRACE state 33 -> SET  unit 0000000116DC6080 callers +335578 +156B74 +1533EB +FAA7A +9D98C +94FDD +8C596 +87446 +B6B7B +B667F +7E9CC
[2026-09-04 14:18:26.724] [INFO] [Plugin:esr.extended-states] TRACE state 33 -> CLEAR  unit 0000000116DB8080 callers +335578 +156B4F +1533EB +FAA7A +9D98C +94FDD +8C596 +87446 +B6B7B +B667F +7E9CC
[2026-09-04 14:18:26.747] [INFO] [Plugin:esr.extended-states] TRACE state 33 -> SET  unit 0000000116DB8080 callers +335578 +156B74 +1533EB +FAA7A +9D98C +94FDD +8C596 +87446 +B6B7B +B667F +7E9CC
[2026-09-04 14:18:26.764] [INFO] [Plugin:esr.extended-states] TRACE state 33 -> CLEAR  unit 0000000116DAA080 callers +335578 +156B4F +1533EB +FAA7A +9D98C +94FDD +8C596 +87446 +B6B7B +B667F +7E9CC
[2026-09-04 14:18:26.785] [INFO] [Plugin:esr.extended-states] TRACE state 33 -> SET  unit 0000000116DAA080 callers +335578 +156B74 +1533EB +FAA7A +9D98C +94FDD +8C596 +87446 +B6B7B +B667F +7E9CC
[2026-09-04 14:18:26.804] [INFO] [Plugin:esr.extended-states] TRACE state 33 -> CLEAR  unit 0000000116D9C080 callers +335578 +156B4F +1533EB +FAA7A +9D98C +94FDD +8C596 +87446 +B6B7B +B667F +7E9CC
[2026-09-04 14:18:26.822] [INFO] [Plugin:esr.extended-states] TRACE state 33 -> SET  unit 0000000116D9C080 callers +335578 +156B74 +1533EB +FAA7A +9D98C +94FDD +8C596 +87446 +B6B7B +B667F +7E9CC
[2026-09-04 14:18:26.840] [INFO] [Plugin:esr.extended-states] TRACE state 33 -> CLEAR  unit 0000000116D8E080 callers +335578 +156B4F +1533EB +FAA7A +9D98C +94FDD +8C596 +87446 +B6B7B +B667F +7E9CC
[2026-09-04 14:18:26.862] [INFO] [Plugin:esr.extended-states] TRACE state 33 -> SET  unit 0000000116D8E080 callers +335578 +156B74 +1533EB +FAA7A +9D98C +94FDD +8C596 +87446 +B6B7B +B667F +7E9CC
[2026-09-04 14:18:26.880] [INFO] [Plugin:esr.extended-states] TRACE state 33 -> CLEAR  unit 00000001AA9E5E20 callers +335578 +156B4F +1533EB +FAA7A +9D98C +94FDD +8C596 +87446 +B6B7B +B667F +7E9CC
[2026-09-04 14:18:26.897] [INFO] [Plugin:esr.extended-states] TRACE state 33 -> SET  unit 00000001AA9E5E20 callers +335578 +156B74 +1533EB +FAA7A +9D98C +94FDD +8C596 +87446 +B6B7B +B667F +7E9CC
[2026-09-04 14:18:26.913] [INFO] [Plugin:esr.extended-states] TRACE state 33 -> CLEAR  unit 00000001AA9D7E20 callers +335578 +156B4F +1533EB +FAA7A +9D98C +94FDD +8C596 +87446 +B6B7B +B667F +7E9CC
[2026-09-04 14:18:26.929] [INFO] [Plugin:esr.extended-states] TRACE state 33 -> SET  unit 00000001AA9D7E20 callers +335578 +156B74 +1533EB +FAA7A +9D98C +94FDD +8C596 +87446 +B6B7B +B667F +7E9CC
[2026-09-04 14:18:26.945] [INFO] [Plugin:esr.extended-states] TRACE state 33 -> CLEAR  unit 0000000116DC6240 callers +335578 +156B4F +1533EB +FAA7A +9D98C +94FDD +8C596 +87446 +B6B7B +B667F +7E9CC
[2026-09-04 14:18:26.961] [INFO] [Plugin:esr.extended-states] TRACE state 33 -> SET  unit 0000000116DC6240 callers +335578 +156B74 +1533EB +FAA7A +9D98C +94FDD +8C596 +87446 +B6B7B +B667F +7E9CC
[2026-09-04 14:18:26.978] [INFO] [Plugin:esr.extended-states] TRACE state 33 -> CLEAR  unit 0000000116DB8240 callers +335578 +156B4F +1533EB +FAA7A +9D98C +94FDD +8C596 +87446 +B6B7B +B667F +7E9CC
[2026-09-04 14:18:26.994] [INFO] [Plugin:esr.extended-states] TRACE state 33 -> SET  unit 0000000116DB8240 callers +335578 +156B74 +1533EB +FAA7A +9D98C +94FDD +8C596 +87446 +B6B7B +B667F +7E9CC
[2026-09-04 14:18:27.010] [INFO] [Plugin:esr.extended-states] TRACE state 33 -> CLEAR  unit 0000000116DAA240 callers +335578 +156B4F +1533EB +FAA7A +9D98C +94FDD +8C596 +87446 +B6B7B +B667F +7E9CC
[2026-09-04 14:18:27.027] [INFO] [Plugin:esr.extended-states] TRACE state 33 -> SET  unit 0000000116DAA240 callers +335578 +156B74 +1533EB +FAA7A +9D98C +94FDD +8C596 +87446 +B6B7B +B667F +7E9CC
[2026-09-04 14:18:27.042] [INFO] [Plugin:esr.extended-states] TRACE state 33 -> CLEAR  unit 0000000116D9C240 callers +335578 +156B4F +1533EB +FAA7A +9D98C +94FDD +8C596 +87446 +B6B7B +B667F +7E9CC
[2026-09-04 14:18:27.063] [INFO] [Plugin:esr.extended-states] TRACE state 33 -> SET  unit 0000000116D9C240 callers +335578 +156B74 +1533EB +FAA7A +9D98C +94FDD +8C596 +87446 +B6B7B +B667F +7E9CC
[2026-09-04 14:18:27.084] [INFO] [Plugin:esr.extended-states] TRACE state 33 -> CLEAR  unit 0000000116D8E240 callers +335578 +156B4F +1533EB +FAA7A +9D98C +94FDD +8C596 +87446 +B6B7B +B667F +7E9CC
[2026-09-04 14:18:27.106] [INFO] [Plugin:esr.extended-states] TRACE state 33 -> SET  unit 0000000116D8E240 callers +335578 +156B74 +1533EB +FAA7A +9D98C +94FDD +8C596 +87446 +B6B7B +B667F +7E9CC
[2026-09-04 14:18:27.128] [INFO] [Plugin:esr.extended-states] TRACE state 33 -> CLEAR  unit 0000000116D80240 callers +335578 +156B4F +1533EB +FAA7A +9D98C +94FDD +8C596 +87446 +B6B7B +B667F +7E9CC
[2026-09-04 14:18:27.148] [INFO] [Plugin:esr.extended-states] TRACE state 33 -> SET  unit 0000000116D80240 callers +335578 +156B8A +1533EB +FAA7A +9D98C +94FDD +8C596 +87446 +B6B7B +B667F +7E9CC
[2026-09-04 14:18:27.167] [INFO] [Plugin:esr.extended-states] TRACE state 33 -> CLEAR  unit 00000001AA9E5FE0 callers +335578 +156B4F +1533EB +FAA7A +9D98C +94FDD +8C596 +87446 +B6B7B +B667F +7E9CC
[2026-09-04 14:18:27.189] [INFO] [Plugin:esr.extended-states] TRACE state 33 -> SET  unit 00000001AA9E5FE0 callers +335578 +156B74 +1533EB +FAA7A +9D98C +94FDD +8C596 +87446 +B6B7B +B667F +7E9CC
[2026-09-04 14:18:27.248] [INFO] [Plugin:esr.extended-states] TRACE state 33 -> CLEAR  unit 00000001AA9D7FE0 callers +335578 +156B4F +1533EB +FAA7A +9D98C +94FDD +8C596 +87446 +B6B7B +B667F +7E9CC
[2026-09-04 14:18:27.272] [INFO] [Plugin:esr.extended-states] TRACE state 33 -> SET  unit 00000001AA9D7FE0 callers +335578 +156B74 +1533EB +FAA7A +9D98C +94FDD +8C596 +87446 +B6B7B +B667F +7E9CC
[2026-09-04 14:18:27.297] [INFO] [Plugin:esr.extended-states] TRACE state 33 -> CLEAR  unit 0000000116DC6400 callers +335578 +156B4F +1533EB +FAA7A +9D98C +94FDD +8C596 +87446 +B6B7B +B667F +7E9CC
[2026-09-04 14:18:27.329] [INFO] [Plugin:esr.extended-states] TRACE state 33 -> SET  unit 0000000116DC6400 callers +335578 +156B74 +1533EB +FAA7A +9D98C +94FDD +8C596 +87446 +B6B7B +B667F +7E9CC
[2026-09-04 14:18:27.354] [INFO] [Plugin:esr.extended-states] TRACE state 33 -> CLEAR  unit 0000000116DB8400 callers +335578 +156B4F +1533EB +FAA7A +9D98C +94FDD +8C596 +87446 +B6B7B +B667F +7E9CC
[2026-09-04 14:18:27.379] [INFO] [Plugin:esr.extended-states] TRACE state 33 -> SET  unit 0000000116DB8400 callers +335578 +156B74 +1533EB +FAA7A +9D98C +94FDD +8C596 +87446 +B6B7B +B667F +7E9CC
[2026-09-04 14:18:27.400] [INFO] [Plugin:esr.extended-states] TRACE state 33 -> CLEAR  unit 0000000116DAA400 callers +335578 +156B4F +1533EB +FAA7A +9D98C +94FDD +8C596 +87446 +B6B7B +B667F +7E9CC
[2026-09-04 14:18:27.418] [INFO] [Plugin:esr.extended-states] TRACE state 33 -> SET  unit 0000000116DAA400 callers +335578 +156B74 +1533EB +FAA7A +9D98C +94FDD +8C596 +87446 +B6B7B +B667F +7E9CC
[2026-09-04 14:18:27.436] [INFO] [Plugin:esr.extended-states] TRACE state 33 -> CLEAR  unit 0000000116D9C400 callers +335578 +156B4F +1533EB +FAA7A +9D98C +94FDD +8C596 +87446 +B6B7B +B667F +7E9CC
[2026-09-04 14:18:27.454] [INFO] [Plugin:esr.extended-states] TRACE state 33 -> SET  unit 0000000116D9C400 callers +335578 +156B74 +1533EB +FAA7A +9D98C +94FDD +8C596 +87446 +B6B7B +B667F +7E9CC
[2026-09-04 14:18:27.476] [INFO] [Plugin:esr.extended-states] TRACE state 33 -> CLEAR  unit 0000000116D8E400 callers +335578 +156B4F +1533EB +FAA7A +9D98C +94FDD +8C596 +87446 +B6B7B +B667F +7E9CC
[2026-09-04 14:18:27.498] [INFO] [Plugin:esr.extended-states] TRACE state 33 -> SET  unit 0000000116D8E400 callers +335578 +156B74 +1533EB +FAA7A +9D98C +94FDD +8C596 +87446 +B6B7B +B667F +7E9CC
[2026-09-04 14:18:27.527] [INFO] [Plugin:esr.extended-states] TRACE state 33 -> CLEAR  unit 0000000116D80400 callers +335578 +156B4F +1533EB +FAA7A +9D98C +94FDD +8C596 +87446 +B6B7B +B667F +7E9CC
[2026-09-04 14:18:27.556] [INFO] [Plugin:esr.extended-states] TRACE state 33 -> SET  unit 0000000116D80400 callers +335578 +156B74 +1533EB +FAA7A +9D98C +94FDD +8C596 +87446 +B6B7B +B667F +7E9CC
[2026-09-04 14:18:27.585] [INFO] [Plugin:esr.extended-states] TRACE state 33 -> CLEAR  unit 00000001AA9E61A0 callers +335578 +156B4F +1533EB +FAA7A +9D98C +94FDD +8C596 +87446 +B6B7B +B667F +7E9CC
[2026-09-04 14:18:27.613] [INFO] [Plugin:esr.extended-states] TRACE state 33 -> SET  unit 00000001AA9E61A0 callers +335578 +156B74 +1533EB +FAA7A +9D98C +94FDD +8C596 +87446 +B6B7B +B667F +7E9CC
[2026-09-04 14:18:27.637] [INFO] [Plugin:esr.extended-states] TRACE state 33 -> CLEAR  unit 00000001AA9D81A0 callers +335578 +156B4F +1533EB +FAA7A +9D98C +94FDD +8C596 +87446 +B6B7B +B667F +7E9CC
[2026-09-04 14:18:27.663] [INFO] [Plugin:esr.extended-states] TRACE state 33 -> SET  unit 00000001AA9D81A0 callers +335578 +156B74 +1533EB +FAA7A +9D98C +94FDD +8C596 +87446 +B6B7B +B667F +7E9CC
[2026-09-04 14:18:27.685] [INFO] [Plugin:esr.extended-states] TRACE state 33 -> CLEAR  unit 0000000116DC65C0 callers +335578 +156B4F +1533EB +FAA7A +9D98C +94FDD +8C596 +87446 +B6B7B +B667F +7E9CC
[2026-09-04 14:18:27.707] [INFO] [Plugin:esr.extended-states] TRACE state 33 -> SET  unit 0000000116DC65C0 callers +335578 +156B74 +1533EB +FAA7A +9D98C +94FDD +8C596 +87446 +B6B7B +B667F +7E9CC
[2026-09-04 14:18:27.730] [INFO] [Plugin:esr.extended-states] TRACE state 33 -> CLEAR  unit 0000000116DB85C0 callers +335578 +156B4F +1533EB +FAA7A +9D98C +94FDD +8C596 +87446 +B6B7B +B667F +7E9CC
[2026-09-04 14:18:27.752] [INFO] [Plugin:esr.extended-states] TRACE state 33 -> SET  unit 0000000116DB85C0 callers +335578 +156B74 +1533EB +FAA7A +9D98C +94FDD +8C596 +87446 +B6B7B +B667F +7E9CC
[2026-09-04 14:18:27.770] [INFO] [Plugin:esr.extended-states] TRACE state 33 -> CLEAR  unit 0000000116DAA5C0 callers +335578 +156B4F +1533EB +FAA7A +9D98C +94FDD +8C596 +87446 +B6B7B +B667F +7E9CC
[2026-09-04 14:18:27.786] [INFO] [Plugin:esr.extended-states] TRACE state 33 -> SET  unit 0000000116DAA5C0 callers +335578 +156B74 +1533EB +FAA7A +9D98C +94FDD +8C596 +87446 +B6B7B +B667F +7E9CC
[2026-09-04 14:18:27.802] [INFO] [Plugin:esr.extended-states] TRACE state 33 -> CLEAR  unit 0000000116D9C5C0 callers +335578 +156B4F +1533EB +FAA7A +9D98C +94FDD +8C596 +87446 +B6B7B +B667F +7E9CC
[2026-09-04 14:18:27.819] [INFO] [Plugin:esr.extended-states] TRACE state 33 -> SET  unit 0000000116D9C5C0 callers +335578 +156B74 +1533EB +FAA7A +9D98C +94FDD +8C596 +87446 +B6B7B +B667F +7E9CC
[2026-09-04 14:18:27.835] [INFO] [Plugin:esr.extended-states] TRACE state 33 -> CLEAR  unit 0000000116D8E5C0 callers +335578 +156B4F +1533EB +FAA7A +9D98C +94FDD +8C596 +87446 +B6B7B +B667F +7E9CC
[2026-09-04 14:18:27.847] [INFO] [Plugin:esr.extended-states] TRACE state 33 -> SET  unit 0000000116D8E5C0 callers +335578 +156B74 +1533EB +FAA7A +9D98C +94FDD +8C596 +87446 +B6B7B +B667F +7E9CC
[2026-09-04 14:41:58.901] [INFO] [Plugin:esr.extended-states] esr.extended-states 2.4.0: 4096 states, 1024 byte bitmaps in plugin memory, game pool untouched.
[2026-09-04 14:41:59.200] [INFO] [Plugin:esr.extended-states] Hooks installed and cap patches applied.
[2026-09-04 14:42:21.966] [INFO] [Plugin:esr.extended-states] TRACE state 33 -> CLEAR  unit 000000015D4CC930 callers +335578 +156B4F +1533EB +FAA7A +9D98C +94FDD +8C596 +87446 +B6B7B +B667F +7E9CC
[2026-09-04 14:42:21.992] [INFO] [Plugin:esr.extended-states] TRACE state 33 -> SET  unit 000000015D4CC930 callers +335578 +156B74 +1533EB +FAA7A +9D98C +94FDD +8C596 +87446 +B6B7B +B667F +7E9CC
[2026-09-04 14:42:22.013] [INFO] [Plugin:esr.extended-states] TRACE state 33 -> CLEAR  unit 000000015D4BE930 callers +335578 +156B4F +1533EB +FAA7A +9D98C +94FDD +8C596 +87446 +B6B7B +B667F +7E9CC
[2026-09-04 14:42:22.032] [INFO] [Plugin:esr.extended-states] TRACE state 33 -> SET  unit 000000015D4BE930 callers +335578 +156B74 +1533EB +FAA7A +9D98C +94FDD +8C596 +87446 +B6B7B +B667F +7E9CC
[2026-09-04 14:42:22.055] [INFO] [Plugin:esr.extended-states] TRACE state 33 -> CLEAR  unit 00000001189A5710 callers +335578 +156B4F +1533EB +FAA7A +9D98C +94FDD +8C596 +87446 +B6B7B +B667F +7E9CC
[2026-09-04 14:42:22.080] [INFO] [Plugin:esr.extended-states] TRACE state 33 -> SET  unit 00000001189A5710 callers +335578 +156B74 +1533EB +FAA7A +9D98C +94FDD +8C596 +87446 +B6B7B +B667F +7E9CC
[2026-09-04 14:42:22.100] [INFO] [Plugin:esr.extended-states] TRACE state 33 -> CLEAR  unit 0000000118997710 callers +335578 +156B4F +1533EB +FAA7A +9D98C +94FDD +8C596 +87446 +B6B7B +B667F +7E9CC
[2026-09-04 14:42:22.121] [INFO] [Plugin:esr.extended-states] TRACE state 33 -> SET  unit 0000000118997710 callers +335578 +156B74 +1533EB +FAA7A +9D98C +94FDD +8C596 +87446 +B6B7B +B667F +7E9CC
[2026-09-04 14:42:22.143] [INFO] [Plugin:esr.extended-states] TRACE state 33 -> CLEAR  unit 0000000118989710 callers +335578 +156B4F +1533EB +FAA7A +9D98C +94FDD +8C596 +87446 +B6B7B +B667F +7E9CC
[2026-09-04 14:42:22.166] [INFO] [Plugin:esr.extended-states] TRACE state 33 -> SET  unit 0000000118989710 callers +335578 +156B74 +1533EB +FAA7A +9D98C +94FDD +8C596 +87446 +B6B7B +B667F +7E9CC
[2026-09-04 14:42:22.189] [INFO] [Plugin:esr.extended-states] TRACE state 33 -> CLEAR  unit 000000011897B710 callers +335578 +156B4F +1533EB +FAA7A +9D98C +94FDD +8C596 +87446 +B6B7B +B667F +7E9CC
[2026-09-04 14:42:22.214] [INFO] [Plugin:esr.extended-states] TRACE state 33 -> SET  unit 000000011897B710 callers +335578 +156B74 +1533EB +FAA7A +9D98C +94FDD +8C596 +87446 +B6B7B +B667F +7E9CC
[2026-09-04 14:42:22.236] [INFO] [Plugin:esr.extended-states] TRACE state 33 -> CLEAR  unit 000000011896D710 callers +335578 +156B4F +1533EB +FAA7A +9D98C +94FDD +8C596 +87446 +B6B7B +B667F +7E9CC
[2026-09-04 14:42:22.254] [INFO] [Plugin:esr.extended-states] TRACE state 33 -> SET  unit 000000011896D710 callers +335578 +156B74 +1533EB +FAA7A +9D98C +94FDD +8C596 +87446 +B6B7B +B667F +7E9CC
[2026-09-04 14:42:22.269] [INFO] [Plugin:esr.extended-states] TRACE state 33 -> CLEAR  unit 000000015D4CCAF0 callers +335578 +156B4F +1533EB +FAA7A +9D98C +94FDD +8C596 +87446 +B6B7B +B667F +7E9CC
[2026-09-04 14:42:22.287] [INFO] [Plugin:esr.extended-states] TRACE state 33 -> SET  unit 000000015D4CCAF0 callers +335578 +156B74 +1533EB +FAA7A +9D98C +94FDD +8C596 +87446 +B6B7B +B667F +7E9CC
[2026-09-04 14:42:22.303] [INFO] [Plugin:esr.extended-states] TRACE state 33 -> CLEAR  unit 000000015D4BEAF0 callers +335578 +156B4F +1533EB +FAA7A +9D98C +94FDD +8C596 +87446 +B6B7B +B667F +7E9CC
[2026-09-04 14:42:22.325] [INFO] [Plugin:esr.extended-states] TRACE state 33 -> SET  unit 000000015D4BEAF0 callers +335578 +156B74 +1533EB +FAA7A +9D98C +94FDD +8C596 +87446 +B6B7B +B667F +7E9CC
[2026-09-04 14:42:22.348] [INFO] [Plugin:esr.extended-states] TRACE state 33 -> CLEAR  unit 00000001189A58D0 callers +335578 +156B4F +1533EB +FAA7A +9D98C +94FDD +8C596 +87446 +B6B7B +B667F +7E9CC
[2026-09-04 14:42:22.370] [INFO] [Plugin:esr.extended-states] TRACE state 33 -> SET  unit 00000001189A58D0 callers +335578 +156B74 +1533EB +FAA7A +9D98C +94FDD +8C596 +87446 +B6B7B +B667F +7E9CC
[2026-09-04 14:42:22.390] [INFO] [Plugin:esr.extended-states] TRACE state 33 -> CLEAR  unit 00000001189978D0 callers +335578 +156B4F +1533EB +FAA7A +9D98C +94FDD +8C596 +87446 +B6B7B +B667F +7E9CC
[2026-09-04 14:42:22.410] [INFO] [Plugin:esr.extended-states] TRACE state 33 -> SET  unit 00000001189978D0 callers +335578 +156B74 +1533EB +FAA7A +9D98C +94FDD +8C596 +87446 +B6B7B +B667F +7E9CC
[2026-09-04 14:42:22.431] [INFO] [Plugin:esr.extended-states] TRACE state 33 -> CLEAR  unit 00000001189898D0 callers +335578 +156B4F +1533EB +FAA7A +9D98C +94FDD +8C596 +87446 +B6B7B +B667F +7E9CC
[2026-09-04 14:42:22.450] [INFO] [Plugin:esr.extended-states] TRACE state 33 -> SET  unit 00000001189898D0 callers +335578 +156B74 +1533EB +FAA7A +9D98C +94FDD +8C596 +87446 +B6B7B +B667F +7E9CC
[2026-09-04 14:42:22.471] [INFO] [Plugin:esr.extended-states] TRACE state 33 -> CLEAR  unit 000000011897B8D0 callers +335578 +156B4F +1533EB +FAA7A +9D98C +94FDD +8C596 +87446 +B6B7B +B667F +7E9CC
[2026-09-04 14:42:22.496] [INFO] [Plugin:esr.extended-states] TRACE state 33 -> SET  unit 000000011897B8D0 callers +335578 +156B74 +1533EB +FAA7A +9D98C +94FDD +8C596 +87446 +B6B7B +B667F +7E9CC
[2026-09-04 14:42:22.513] [INFO] [Plugin:esr.extended-states] TRACE state 33 -> CLEAR  unit 000000011896D8D0 callers +335578 +156B4F +1533EB +FAA7A +9D98C +94FDD +8C596 +87446 +B6B7B +B667F +7E9CC
[2026-09-04 14:42:22.534] [INFO] [Plugin:esr.extended-states] TRACE state 33 -> SET  unit 000000011896D8D0 callers +335578 +156B74 +1533EB +FAA7A +9D98C +94FDD +8C596 +87446 +B6B7B +B667F +7E9CC
[2026-09-04 14:42:22.551] [INFO] [Plugin:esr.extended-states] TRACE state 33 -> CLEAR  unit 000000011895F8D0 callers +335578 +156B4F +1533EB +FAA7A +9D98C +94FDD +8C596 +87446 +B6B7B +B667F +7E9CC
[2026-09-04 14:42:22.566] [INFO] [Plugin:esr.extended-states] TRACE state 33 -> SET  unit 000000011895F8D0 callers +335578 +156B74 +1533EB +FAA7A +9D98C +94FDD +8C596 +87446 +B6B7B +B667F +7E9CC
[2026-09-04 14:42:22.584] [INFO] [Plugin:esr.extended-states] TRACE state 33 -> CLEAR  unit 000000015D4CCCB0 callers +335578 +156B4F +1533EB +FAA7A +9D98C +94FDD +8C596 +87446 +B6B7B +B667F +7E9CC
[2026-09-04 14:42:22.604] [INFO] [Plugin:esr.extended-states] TRACE state 33 -> SET  unit 000000015D4CCCB0 callers +335578 +156B74 +1533EB +FAA7A +9D98C +94FDD +8C596 +87446 +B6B7B +B667F +7E9CC
[2026-09-04 14:42:22.626] [INFO] [Plugin:esr.extended-states] TRACE state 33 -> CLEAR  unit 000000015D4BECB0 callers +335578 +156B4F +1533EB +FAA7A +9D98C +94FDD +8C596 +87446 +B6B7B +B667F +7E9CC
[2026-09-04 14:42:22.643] [INFO] [Plugin:esr.extended-states] TRACE state 33 -> SET  unit 000000015D4BECB0 callers +335578 +156B74 +1533EB +FAA7A +9D98C +94FDD +8C596 +87446 +B6B7B +B667F +7E9CC
[2026-09-04 14:42:22.667] [INFO] [Plugin:esr.extended-states] TRACE state 33 -> CLEAR  unit 00000001189A5A90 callers +335578 +156B4F +1533EB +FAA7A +9D98C +94FDD +8C596 +87446 +B6B7B +B667F +7E9CC
[2026-09-04 14:42:22.683] [INFO] [Plugin:esr.extended-states] TRACE state 33 -> SET  unit 00000001189A5A90 callers +335578 +156B74 +1533EB +FAA7A +9D98C +94FDD +8C596 +87446 +B6B7B +B667F +7E9CC
[2026-09-04 14:42:22.700] [INFO] [Plugin:esr.extended-states] TRACE state 33 -> CLEAR  unit 0000000118997A90 callers +335578 +156B4F +1533EB +FAA7A +9D98C +94FDD +8C596 +87446 +B6B7B +B667F +7E9CC
[2026-09-04 14:42:22.721] [INFO] [Plugin:esr.extended-states] TRACE state 33 -> SET  unit 0000000118997A90 callers +335578 +156B74 +1533EB +FAA7A +9D98C +94FDD +8C596 +87446 +B6B7B +B667F +7E9CC
[2026-09-04 14:42:22.743] [INFO] [Plugin:esr.extended-states] TRACE state 33 -> CLEAR  unit 0000000118989A90 callers +335578 +156B4F +1533EB +FAA7A +9D98C +94FDD +8C596 +87446 +B6B7B +B667F +7E9CC
[2026-09-04 14:42:22.770] [INFO] [Plugin:esr.extended-states] TRACE state 33 -> SET  unit 0000000118989A90 callers +335578 +156B74 +1533EB +FAA7A +9D98C +94FDD +8C596 +87446 +B6B7B +B667F +7E9CC
[2026-09-04 14:42:22.795] [INFO] [Plugin:esr.extended-states] TRACE state 33 -> CLEAR  unit 000000011897BA90 callers +335578 +156B4F +1533EB +FAA7A +9D98C +94FDD +8C596 +87446 +B6B7B +B667F +7E9CC
[2026-09-04 14:42:22.817] [INFO] [Plugin:esr.extended-states] TRACE state 33 -> SET  unit 000000011897BA90 callers +335578 +156B74 +1533EB +FAA7A +9D98C +94FDD +8C596 +87446 +B6B7B +B667F +7E9CC
[2026-09-04 14:42:22.839] [INFO] [Plugin:esr.extended-states] TRACE state 33 -> CLEAR  unit 000000011896DA90 callers +335578 +156B4F +1533EB +FAA7A +9D98C +94FDD +8C596 +87446 +B6B7B +B667F +7E9CC
[2026-09-04 14:42:22.863] [INFO] [Plugin:esr.extended-states] TRACE state 33 -> SET  unit 000000011896DA90 callers +335578 +156B74 +1533EB +FAA7A +9D98C +94FDD +8C596 +87446 +B6B7B +B667F +7E9CC
[2026-09-04 14:42:22.884] [INFO] [Plugin:esr.extended-states] TRACE state 33 -> CLEAR  unit 000000011895FA90 callers +335578 +156B4F +1533EB +FAA7A +9D98C +94FDD +8C596 +87446 +B6B7B +B667F +7E9CC
[2026-09-04 14:42:22.907] [INFO] [Plugin:esr.extended-states] TRACE state 33 -> SET  unit 000000011895FA90 callers +335578 +156B74 +1533EB +FAA7A +9D98C +94FDD +8C596 +87446 +B6B7B +B667F +7E9CC
[2026-09-04 14:42:22.929] [INFO] [Plugin:esr.extended-states] TRACE state 33 -> CLEAR  unit 000000015D4CCE70 callers +335578 +156B4F +1533EB +FAA7A +9D98C +94FDD +8C596 +87446 +B6B7B +B667F +7E9CC
[2026-09-04 14:42:22.952] [INFO] [Plugin:esr.extended-states] TRACE state 33 -> SET  unit 000000015D4CCE70 callers +335578 +156B74 +1533EB +FAA7A +9D98C +94FDD +8C596 +87446 +B6B7B +B667F +7E9CC
[2026-09-04 14:42:22.974] [INFO] [Plugin:esr.extended-states] TRACE state 33 -> CLEAR  unit 000000015D4BEE70 callers +335578 +156B4F +1533EB +FAA7A +9D98C +94FDD +8C596 +87446 +B6B7B +B667F +7E9CC
[2026-09-04 14:42:22.992] [INFO] [Plugin:esr.extended-states] TRACE state 33 -> SET  unit 000000015D4BEE70 callers +335578 +156B74 +1533EB +FAA7A +9D98C +94FDD +8C596 +87446 +B6B7B +B667F +7E9CC
[2026-09-04 14:42:23.017] [INFO] [Plugin:esr.extended-states] TRACE state 33 -> CLEAR  unit 00000001189A5C50 callers +335578 +156B4F +1533EB +FAA7A +9D98C +94FDD +8C596 +87446 +B6B7B +B667F +7E9CC
[2026-09-04 14:42:23.040] [INFO] [Plugin:esr.extended-states] TRACE state 33 -> SET  unit 00000001189A5C50 callers +335578 +156B74 +1533EB +FAA7A +9D98C +94FDD +8C596 +87446 +B6B7B +B667F +7E9CC
[2026-09-04 14:42:23.061] [INFO] [Plugin:esr.extended-states] TRACE state 33 -> CLEAR  unit 0000000118997C50 callers +335578 +156B4F +1533EB +FAA7A +9D98C +94FDD +8C596 +87446 +B6B7B +B667F +7E9CC
[2026-09-04 14:42:23.079] [INFO] [Plugin:esr.extended-states] TRACE state 33 -> SET  unit 0000000118997C50 callers +335578 +156B74 +1533EB +FAA7A +9D98C +94FDD +8C596 +87446 +B6B7B +B667F +7E9CC
[2026-09-04 14:42:23.101] [INFO] [Plugin:esr.extended-states] TRACE state 33 -> CLEAR  unit 0000000118989C50 callers +335578 +156B4F +1533EB +FAA7A +9D98C +94FDD +8C596 +87446 +B6B7B +B667F +7E9CC
[2026-09-04 14:42:23.124] [INFO] [Plugin:esr.extended-states] TRACE state 33 -> SET  unit 0000000118989C50 callers +335578 +156B74 +1533EB +FAA7A +9D98C +94FDD +8C596 +87446 +B6B7B +B667F +7E9CC
[2026-09-04 14:42:23.146] [INFO] [Plugin:esr.extended-states] TRACE state 33 -> CLEAR  unit 000000011897BC50 callers +335578 +156B4F +1533EB +FAA7A +9D98C +94FDD +8C596 +87446 +B6B7B +B667F +7E9CC
[2026-09-04 14:42:23.163] [INFO] [Plugin:esr.extended-states] TRACE state 33 -> SET  unit 000000011897BC50 callers +335578 +156B74 +1533EB +FAA7A +9D98C +94FDD +8C596 +87446 +B6B7B +B667F +7E9CC
[2026-09-04 14:42:23.179] [INFO] [Plugin:esr.extended-states] TRACE state 33 -> CLEAR  unit 000000011896DC50 callers +335578 +156B4F +1533EB +FAA7A +9D98C +94FDD +8C596 +87446 +B6B7B +B667F +7E9CC
[2026-09-04 14:42:23.198] [INFO] [Plugin:esr.extended-states] TRACE state 33 -> SET  unit 000000011896DC50 callers +335578 +156B74 +1533EB +FAA7A +9D98C +94FDD +8C596 +87446 +B6B7B +B667F +7E9CC
[2026-09-04 14:55:05.277] [INFO] [Plugin:esr.extended-states] esr.extended-states 2.4.0: 4096 states, 1024 byte bitmaps in plugin memory, game pool untouched.
[2026-09-04 14:55:05.292] [ERROR] [Plugin:esr.extended-states] Plugin safety-check patch failed at RVA 0x539890: game bytes did not match what the plugin expected
[2026-09-04 14:55:05.307] [ERROR] [Plugin:esr.extended-states] BulkStateSender prologue at 539890 did not match. Re-derive the RVA. Nothing was installed.
[2026-09-04 14:57:44.077] [INFO] [Plugin:esr.extended-states] esr.extended-states 2.4.0: 4096 states, 1024 byte bitmaps in plugin memory, game pool untouched.
[2026-09-04 14:57:44.385] [INFO] [Plugin:esr.extended-states] Hooks installed and cap patches applied.
[2026-09-04 14:59:54.661] [INFO] [Plugin:esr.extended-states] esr.extended-states 2.4.0: 4096 states, 1024 byte bitmaps in plugin memory, game pool untouched.
[2026-09-04 14:59:54.961] [INFO] [Plugin:esr.extended-states] Hooks installed and cap patches applied.
[2026-09-04 15:00:56.551] [INFO] [Plugin:esr.extended-states] TRACE state 33 -> SET  unit 00000001A6C82540 callers +335578 +4340AC +56177D +432B03 +563FD9 +43AF1A +43B795 +438C85 +495F69 +49E8D6
[2026-09-04 15:00:56.565] [INFO] [Plugin:esr.extended-states] TRACE state 33 -> SET  unit 00000001A6C83500 callers +335578 +4340AC +56177D +439B97 +432882 +5641F7 +43AF1A +43B795 +438C85 +495F69
[2026-09-04 15:00:56.579] [INFO] [Plugin:esr.extended-states] TRACE state 33 -> SET  unit 00000001A6C836C0 callers +335578 +4340AC +56177D +439B97 +432882 +5641F7 +43AF1A +43B795 +438C85 +495F69
[2026-09-04 15:00:56.593] [INFO] [Plugin:esr.extended-states] TRACE state 33 -> SET  unit 00000001A6C83880 callers +335578 +4340AC +56177D +439B97 +432882 +5641F7 +43AF1A +43B795 +438C85 +495F69
[2026-09-04 15:00:56.608] [INFO] [Plugin:esr.extended-states] TRACE state 33 -> SET  unit 00000001A6C83A40 callers +335578 +4340AC +56177D +439B97 +432882 +5641F7 +43AF1A +43B795 +438C85 +495F69
[2026-09-04 15:00:58.548] [INFO] [Plugin:esr.extended-states] TRACE state 33 -> CLEAR  unit 00000001A6C8BD80 callers +335578 +156B4F +1533EB +FAA7A +9DA8C +94FDD +8C596 +87446 +B6B7B +B667F +7E9CC
[2026-09-04 15:00:58.564] [INFO] [Plugin:esr.extended-states] TRACE state 33 -> SET  unit 00000001A6C8BD80 callers +335578 +156B74 +1533EB +FAA7A +9DA8C +94FDD +8C596 +87446 +B6B7B +B667F +7E9CC
[2026-09-04 15:00:58.576] [INFO] [Plugin:esr.extended-states] TRACE state 33 -> CLEAR  unit 00000001A6C8BF40 callers +335578 +156B4F +1533EB +FAA7A +9DA8C +94FDD +8C596 +87446 +B6B7B +B667F +7E9CC
[2026-09-04 15:00:58.589] [INFO] [Plugin:esr.extended-states] TRACE state 33 -> SET  unit 00000001A6C8BF40 callers +335578 +156B74 +1533EB +FAA7A +9DA8C +94FDD +8C596 +87446 +B6B7B +B667F +7E9CC
[2026-09-04 15:00:58.616] [INFO] [Plugin:esr.extended-states] TRACE state 33 -> CLEAR  unit 00000001A6C8C100 callers +335578 +156B4F +1533EB +FAA7A +9DA8C +94FDD +8C596 +87446 +B6B7B +B667F +7E9CC
[2026-09-04 15:00:58.633] [INFO] [Plugin:esr.extended-states] TRACE state 33 -> SET  unit 00000001A6C8C100 callers +335578 +156B74 +1533EB +FAA7A +9DA8C +94FDD +8C596 +87446 +B6B7B +B667F +7E9CC
[2026-09-04 15:00:58.646] [INFO] [Plugin:esr.extended-states] TRACE state 33 -> CLEAR  unit 00000001A6C8C2C0 callers +335578 +156B4F +1533EB +FAA7A +9DA8C +94FDD +8C596 +87446 +B6B7B +B667F +7E9CC
[2026-09-04 15:00:58.661] [INFO] [Plugin:esr.extended-states] TRACE state 33 -> SET  unit 00000001A6C8C2C0 callers +335578 +156B74 +1533EB +FAA7A +9DA8C +94FDD +8C596 +87446 +B6B7B +B667F +7E9CC
[2026-09-04 15:00:58.673] [INFO] [Plugin:esr.extended-states] TRACE state 33 -> CLEAR  unit 00000001A6C8C480 callers +335578 +156B4F +1533EB +FAA7A +9DA8C +94FDD +8C596 +87446 +B6B7B +B667F +7E9CC
[2026-09-04 15:00:58.688] [INFO] [Plugin:esr.extended-states] TRACE state 33 -> SET  unit 00000001A6C8C480 callers +335578 +156B74 +1533EB +FAA7A +9DA8C +94FDD +8C596 +87446 +B6B7B +B667F +7E9CC
[2026-09-04 15:01:00.551] [INFO] [Plugin:esr.extended-states] TRACE state 33 -> CLEAR  unit 00000001A6C8BD80 callers +335578 +156B4F +1533EB +FAA7A +9DA8C +94FDD +8C596 +87446 +B6B7B +B667F +7E9CC
[2026-09-04 15:01:00.564] [INFO] [Plugin:esr.extended-states] TRACE state 33 -> SET  unit 00000001A6C8BD80 callers +335578 +156B74 +1533EB +FAA7A +9DA8C +94FDD +8C596 +87446 +B6B7B +B667F +7E9CC
[2026-09-04 15:01:00.578] [INFO] [Plugin:esr.extended-states] TRACE state 33 -> CLEAR  unit 00000001A6C8BF40 callers +335578 +156B4F +1533EB +FAA7A +9DA8C +94FDD +8C596 +87446 +B6B7B +B667F +7E9CC
[2026-09-04 15:01:00.597] [INFO] [Plugin:esr.extended-states] TRACE state 33 -> SET  unit 00000001A6C8BF40 callers +335578 +156B74 +1533EB +FAA7A +9DA8C +94FDD +8C596 +87446 +B6B7B +B667F +7E9CC
[2026-09-04 15:01:00.609] [INFO] [Plugin:esr.extended-states] TRACE state 33 -> CLEAR  unit 00000001A6C8C100 callers +335578 +156B4F +1533EB +FAA7A +9DA8C +94FDD +8C596 +87446 +B6B7B +B667F +7E9CC
[2026-09-04 15:01:00.622] [INFO] [Plugin:esr.extended-states] TRACE state 33 -> SET  unit 00000001A6C8C100 callers +335578 +156B74 +1533EB +FAA7A +9DA8C +94FDD +8C596 +87446 +B6B7B +B667F +7E9CC
[2026-09-04 15:01:00.636] [INFO] [Plugin:esr.extended-states] TRACE state 33 -> CLEAR  unit 00000001A6C8C2C0 callers +335578 +156B4F +1533EB +FAA7A +9DA8C +94FDD +8C596 +87446 +B6B7B +B667F +7E9CC
[2026-09-04 15:01:00.651] [INFO] [Plugin:esr.extended-states] TRACE state 33 -> SET  unit 00000001A6C8C2C0 callers +335578 +156B74 +1533EB +FAA7A +9DA8C +94FDD +8C596 +87446 +B6B7B +B667F +7E9CC
[2026-09-04 15:01:00.664] [INFO] [Plugin:esr.extended-states] TRACE state 33 -> CLEAR  unit 00000001A6C8C480 callers +335578 +156B4F +1533EB +FAA7A +9DA8C +94FDD +8C596 +87446 +B6B7B +B667F +7E9CC
[2026-09-04 15:01:00.678] [INFO] [Plugin:esr.extended-states] TRACE state 33 -> SET  unit 00000001A6C8C480 callers +335578 +156B74 +1533EB +FAA7A +9DA8C +94FDD +8C596 +87446 +B6B7B +B667F +7E9CC
[2026-09-04 15:01:02.592] [INFO] [Plugin:esr.extended-states] TRACE state 33 -> CLEAR  unit 00000001A6C8BD80 callers +335578 +156B4F +1533EB +FAA7A +9DA8C +94FDD +8C596 +87446 +B6B7B +B667F +7E9CC
[2026-09-04 15:01:02.604] [INFO] [Plugin:esr.extended-states] TRACE state 33 -> SET  unit 00000001A6C8BD80 callers +335578 +156B74 +1533EB +FAA7A +9DA8C +94FDD +8C596 +87446 +B6B7B +B667F +7E9CC
[2026-09-04 15:01:02.614] [INFO] [Plugin:esr.extended-states] TRACE state 33 -> CLEAR  unit 00000001A6C8BF40 callers +335578 +156B4F +1533EB +FAA7A +9DA8C +94FDD +8C596 +87446 +B6B7B +B667F +7E9CC
[2026-09-04 15:01:02.626] [INFO] [Plugin:esr.extended-states] TRACE state 33 -> SET  unit 00000001A6C8BF40 callers +335578 +156B74 +1533EB +FAA7A +9DA8C +94FDD +8C596 +87446 +B6B7B +B667F +7E9CC
[2026-09-04 15:01:02.638] [INFO] [Plugin:esr.extended-states] TRACE state 33 -> CLEAR  unit 00000001A6C8C100 callers +335578 +156B4F +1533EB +FAA7A +9DA8C +94FDD +8C596 +87446 +B6B7B +B667F +7E9CC
[2026-09-04 15:01:02.651] [INFO] [Plugin:esr.extended-states] TRACE state 33 -> SET  unit 00000001A6C8C100 callers +335578 +156B74 +1533EB +FAA7A +9DA8C +94FDD +8C596 +87446 +B6B7B +B667F +7E9CC
[2026-09-04 15:01:02.663] [INFO] [Plugin:esr.extended-states] TRACE state 33 -> CLEAR  unit 00000001A6C8C2C0 callers +335578 +156B4F +1533EB +FAA7A +9DA8C +94FDD +8C596 +87446 +B6B7B +B667F +7E9CC
[2026-09-04 15:01:02.675] [INFO] [Plugin:esr.extended-states] TRACE state 33 -> SET  unit 00000001A6C8C2C0 callers +335578 +156B74 +1533EB +FAA7A +9DA8C +94FDD +8C596 +87446 +B6B7B +B667F +7E9CC
[2026-09-04 15:01:02.689] [INFO] [Plugin:esr.extended-states] TRACE state 33 -> CLEAR  unit 00000001A6C8C480 callers +335578 +156B4F +1533EB +FAA7A +9DA8C +94FDD +8C596 +87446 +B6B7B +B667F +7E9CC
[2026-09-04 15:01:02.701] [INFO] [Plugin:esr.extended-states] TRACE state 33 -> SET  unit 00000001A6C8C480 callers +335578 +156B74 +1533EB +FAA7A +9DA8C +94FDD +8C596 +87446 +B6B7B +B667F +7E9CC
[2026-09-04 15:01:03.791] [INFO] [Plugin:esr.extended-states] TRACE state 33 -> CLEAR  unit 00000001A6C83500 callers +335578 +436293 +2F71A7 +2F9ECF +2F7B93 +448ADA +444FB5 +4477CB +44DD01 +44AB04
[2026-09-04 15:01:04.310] [INFO] [Plugin:esr.extended-states] TRACE state 33 -> CLEAR  unit 00000001A6C83880 callers +335578 +436293 +2F71A7 +2F9ECF +2F7B93 +448ADA +444FB5 +4477CB +44DD01 +44AB04
[2026-09-04 15:01:04.587] [INFO] [Plugin:esr.extended-states] TRACE state 33 -> CLEAR  unit 00000001A6C8BD80 callers +335578 +156B4F +1533EB +FAA7A +9DA8C +94FDD +8C596 +87446 +B6B7B +B667F +7E9CC
[2026-09-04 15:01:04.601] [INFO] [Plugin:esr.extended-states] TRACE state 33 -> SET  unit 00000001A6C8BD80 callers +335578 +156B74 +1533EB +FAA7A +9DA8C +94FDD +8C596 +87446 +B6B7B +B667F +7E9CC
[2026-09-04 15:01:04.614] [INFO] [Plugin:esr.extended-states] TRACE state 33 -> CLEAR  unit 00000001A6C8BF40 callers +335578 +156B4F +1533EB +FAA7A +9DA8C +94FDD +8C596 +87446 +B6B7B +B667F +7E9CC
[2026-09-04 15:01:04.628] [INFO] [Plugin:esr.extended-states] TRACE state 33 -> SET  unit 00000001A6C8BF40 callers +335578 +156B74 +1533EB +FAA7A +9DA8C +94FDD +8C596 +87446 +B6B7B +B667F +7E9CC
[2026-09-04 15:01:04.642] [INFO] [Plugin:esr.extended-states] TRACE state 33 -> CLEAR  unit 00000001A6C8C100 callers +335578 +156B4F +1533EB +FAA7A +9DA8C +94FDD +8C596 +87446 +B6B7B +B667F +7E9CC
[2026-09-04 15:01:04.659] [INFO] [Plugin:esr.extended-states] TRACE state 33 -> SET  unit 00000001A6C8C100 callers +335578 +156B74 +1533EB +FAA7A +9DA8C +94FDD +8C596 +87446 +B6B7B +B667F +7E9CC
[2026-09-04 15:01:04.670] [INFO] [Plugin:esr.extended-states] TRACE state 33 -> CLEAR  unit 00000001A6C8C2C0 callers +335578 +156B4F +1533EB +FAA7A +9DA8C +94FDD +8C596 +87446 +B6B7B +B667F +7E9CC
[2026-09-04 15:01:04.681] [INFO] [Plugin:esr.extended-states] TRACE state 33 -> SET  unit 00000001A6C8C2C0 callers +335578 +156B74 +1533EB +FAA7A +9DA8C +94FDD +8C596 +87446 +B6B7B +B667F +7E9CC
[2026-09-04 15:01:04.695] [INFO] [Plugin:esr.extended-states] TRACE state 33 -> CLEAR  unit 00000001A6C8C480 callers +335578 +156B4F +1533EB +FAA7A +9DA8C +94FDD +8C596 +87446 +B6B7B +B667F +7E9CC
[2026-09-04 15:01:04.706] [INFO] [Plugin:esr.extended-states] TRACE state 33 -> SET  unit 00000001A6C8C480 callers +335578 +156B74 +1533EB +FAA7A +9DA8C +94FDD +8C596 +87446 +B6B7B +B667F +7E9CC
[2026-09-04 15:01:04.748] [INFO] [Plugin:esr.extended-states] TRACE state 33 -> CLEAR  unit 00000001A6C8C480 callers +335578 +156B4F +15202F +1A52DE +FB2AC +12A594 +131F11 +FAAEF +9DA8C +94FDD +8C596
[2026-09-04 15:01:04.760] [INFO] [Plugin:esr.extended-states] TRACE state 33 -> SET  unit 00000001A6C8C480 callers +335578 +156B74 +15202F +1A52DE +FB2AC +12A594 +131F11 +FAAEF +9DA8C +94FDD +8C596
[2026-09-04 15:01:04.773] [INFO] [Plugin:esr.extended-states] TRACE state 33 -> CLEAR  unit 00000001A6C8C480 callers +335578 +156B4F +15202F +1A52DE +FB2AC +12A594 +131F11 +FAAEF +9DA8C +94FDD +8C596
[2026-09-04 15:01:04.784] [INFO] [Plugin:esr.extended-states] TRACE state 33 -> SET  unit 00000001A6C8C480 callers +335578 +156B74 +15202F +1A52DE +FB2AC +12A594 +131F11 +FAAEF +9DA8C +94FDD +8C596
[2026-09-04 15:01:05.268] [INFO] [Plugin:esr.extended-states] TRACE state 33 -> CLEAR  unit 00000001A6C8C100 callers +335578 +156B4F +15202F +1A52DE +FB2AC +12A594 +131F11 +FAAEF +9DA8C +94FDD +8C596
[2026-09-04 15:01:05.279] [INFO] [Plugin:esr.extended-states] TRACE state 33 -> SET  unit 00000001A6C8C100 callers +335578 +156B74 +15202F +1A52DE +FB2AC +12A594 +131F11 +FAAEF +9DA8C +94FDD +8C596
[2026-09-04 15:01:05.292] [INFO] [Plugin:esr.extended-states] TRACE state 33 -> CLEAR  unit 00000001A6C8C100 callers +335578 +156B4F +15202F +1A52DE +FB2AC +12A594 +131F11 +FAAEF +9DA8C +94FDD +8C596
[2026-09-04 15:01:05.303] [INFO] [Plugin:esr.extended-states] TRACE state 33 -> SET  unit 00000001A6C8C100 callers +335578 +156B74 +15202F +1A52DE +FB2AC +12A594 +131F11 +FAAEF +9DA8C +94FDD +8C596
[2026-09-04 15:01:06.064] [INFO] [Plugin:esr.extended-states] TRACE state 33 -> CLEAR  unit 00000001A6C83A40 callers +335578 +436293 +2F71A7 +2F9ECF +2F7B93 +448ADA +444FB5 +4477CB +44DD01 +44AB04
[2026-09-04 15:01:06.631] [INFO] [Plugin:esr.extended-states] TRACE state 33 -> CLEAR  unit 00000001A6C8BD80 callers +335578 +156B4F +1533EB +FAA7A +9DA8C +94FDD +8C596 +87446 +B6B7B +B667F +7E9CC
[2026-09-04 15:01:06.642] [INFO] [Plugin:esr.extended-states] TRACE state 33 -> SET  unit 00000001A6C8BD80 callers +335578 +156B74 +1533EB +FAA7A +9DA8C +94FDD +8C596 +87446 +B6B7B +B667F +7E9CC
[2026-09-04 15:01:06.653] [INFO] [Plugin:esr.extended-states] TRACE state 33 -> CLEAR  unit 00000001A6C8BF40 callers +335578 +156B4F +1533EB +FAA7A +9DA8C +94FDD +8C596 +87446 +B6B7B +B667F +7E9CC
[2026-09-04 15:01:06.664] [INFO] [Plugin:esr.extended-states] TRACE state 33 -> CLEAR  unit 00000001A6C8C2C0 callers +335578 +156B4F +1533EB +FAA7A +9DA8C +94FDD +8C596 +87446 +B6B7B +B667F +7E9CC
[2026-09-04 15:02:37.205] [INFO] [Plugin:esr.extended-states] esr.extended-states 2.4.0: 4096 states, 1024 byte bitmaps in plugin memory, game pool untouched.
[2026-09-04 15:02:37.553] [INFO] [Plugin:esr.extended-states] Hooks installed and cap patches applied.
[2026-09-04 15:03:10.525] [INFO] [Plugin:esr.extended-states] TRACE state 33 -> SET  unit 0000000180BDAD10 callers +335578 +4340AC +56177D +432B03 +563FD9 +43AF1A +43B795 +438C85 +495F69 +49E8D6
[2026-09-04 15:03:10.540] [INFO] [Plugin:esr.extended-states] TRACE state 33 -> SET  unit 0000000180BE8290 callers +335578 +4340AC +56177D +439B97 +432882 +5641F7 +43AF1A +43B795 +438C85 +495F69
[2026-09-04 15:03:10.555] [INFO] [Plugin:esr.extended-states] TRACE state 33 -> SET  unit 0000000180BE8450 callers +335578 +4340AC +56177D +439B97 +432882 +5641F7 +43AF1A +43B795 +438C85 +495F69
[2026-09-04 15:03:10.569] [INFO] [Plugin:esr.extended-states] TRACE state 33 -> SET  unit 0000000180BCEAD0 callers +335578 +4340AC +56177D +439B97 +432882 +5641F7 +43AF1A +43B795 +438C85 +495F69
[2026-09-04 15:03:10.584] [INFO] [Plugin:esr.extended-states] TRACE state 33 -> SET  unit 0000000180BDA990 callers +335578 +4340AC +56177D +439B97 +432882 +5641F7 +43AF1A +43B795 +438C85 +495F69
[2026-09-04 15:03:10.596] [INFO] [Plugin:esr.extended-states] TRACE state 33 -> SET  unit 0000000180BDAB50 callers +335578 +4340AC +56177D +439B97 +432882 +5641F7 +43AF1A +43B795 +438C85 +495F69
[2026-09-04 15:03:12.512] [INFO] [Plugin:esr.extended-states] TRACE state 33 -> CLEAR  unit 0000000180BD0190 callers +335578 +156B4F +1533EB +FAA7A +9DA8C +94FDD +8C596 +87446 +B6B7B +B667F +7E9CC
[2026-09-04 15:03:12.526] [INFO] [Plugin:esr.extended-states] TRACE state 33 -> SET  unit 0000000180BD0190 callers +335578 +156B74 +1533EB +FAA7A +9DA8C +94FDD +8C596 +87446 +B6B7B +B667F +7E9CC
[2026-09-04 15:03:12.538] [INFO] [Plugin:esr.extended-states] TRACE state 33 -> CLEAR  unit 0000000180BE7490 callers +335578 +156B4F +1533EB +FAA7A +9DA8C +94FDD +8C596 +87446 +B6B7B +B667F +7E9CC
[2026-09-04 15:03:12.552] [INFO] [Plugin:esr.extended-states] TRACE state 33 -> SET  unit 0000000180BE7490 callers +335578 +156B74 +1533EB +FAA7A +9DA8C +94FDD +8C596 +87446 +B6B7B +B667F +7E9CC
[2026-09-04 15:03:12.565] [INFO] [Plugin:esr.extended-states] TRACE state 33 -> CLEAR  unit 0000000180BE7650 callers +335578 +156B4F +1533EB +FAA7A +9DA8C +94FDD +8C596 +87446 +B6B7B +B667F +7E9CC
[2026-09-04 15:03:12.578] [INFO] [Plugin:esr.extended-states] TRACE state 33 -> SET  unit 0000000180BE7650 callers +335578 +156B74 +1533EB +FAA7A +9DA8C +94FDD +8C596 +87446 +B6B7B +B667F +7E9CC
[2026-09-04 15:03:12.593] [INFO] [Plugin:esr.extended-states] TRACE state 33 -> CLEAR  unit 0000000180BE7810 callers +335578 +156B4F +1533EB +FAA7A +9DA8C +94FDD +8C596 +87446 +B6B7B +B667F +7E9CC
[2026-09-04 15:03:12.605] [INFO] [Plugin:esr.extended-states] TRACE state 33 -> SET  unit 0000000180BE7810 callers +335578 +156B74 +1533EB +FAA7A +9DA8C +94FDD +8C596 +87446 +B6B7B +B667F +7E9CC
[2026-09-04 15:03:12.617] [INFO] [Plugin:esr.extended-states] TRACE state 33 -> CLEAR  unit 0000000180BE79D0 callers +335578 +156B4F +1533EB +FAA7A +9DA8C +94FDD +8C596 +87446 +B6B7B +B667F +7E9CC
[2026-09-04 15:03:12.627] [INFO] [Plugin:esr.extended-states] TRACE state 33 -> SET  unit 0000000180BE79D0 callers +335578 +156B74 +1533EB +FAA7A +9DA8C +94FDD +8C596 +87446 +B6B7B +B667F +7E9CC
[2026-09-04 15:03:12.640] [INFO] [Plugin:esr.extended-states] TRACE state 33 -> CLEAR  unit 0000000180BE7B90 callers +335578 +156B4F +1533EB +FAA7A +9DA8C +94FDD +8C596 +87446 +B6B7B +B667F +7E9CC
[2026-09-04 15:03:12.653] [INFO] [Plugin:esr.extended-states] TRACE state 33 -> SET  unit 0000000180BE7B90 callers +335578 +156B74 +1533EB +FAA7A +9DA8C +94FDD +8C596 +87446 +B6B7B +B667F +7E9CC
[2026-09-04 15:03:14.518] [INFO] [Plugin:esr.extended-states] TRACE state 33 -> CLEAR  unit 0000000180BD0190 callers +335578 +156B4F +1533EB +FAA7A +9DA8C +94FDD +8C596 +87446 +B6B7B +B667F +7E9CC
[2026-09-04 15:03:14.533] [INFO] [Plugin:esr.extended-states] TRACE state 33 -> SET  unit 0000000180BD0190 callers +335578 +156B74 +1533EB +FAA7A +9DA8C +94FDD +8C596 +87446 +B6B7B +B667F +7E9CC
[2026-09-04 15:03:14.544] [INFO] [Plugin:esr.extended-states] TRACE state 33 -> CLEAR  unit 0000000180BE7490 callers +335578 +156B4F +1533EB +FAA7A +9DA8C +94FDD +8C596 +87446 +B6B7B +B667F +7E9CC
[2026-09-04 15:03:14.556] [INFO] [Plugin:esr.extended-states] TRACE state 33 -> SET  unit 0000000180BE7490 callers +335578 +156B74 +1533EB +FAA7A +9DA8C +94FDD +8C596 +87446 +B6B7B +B667F +7E9CC
[2026-09-04 15:03:14.569] [INFO] [Plugin:esr.extended-states] TRACE state 33 -> CLEAR  unit 0000000180BE7650 callers +335578 +156B4F +1533EB +FAA7A +9DA8C +94FDD +8C596 +87446 +B6B7B +B667F +7E9CC
[2026-09-04 15:03:14.583] [INFO] [Plugin:esr.extended-states] TRACE state 33 -> SET  unit 0000000180BE7650 callers +335578 +156B74 +1533EB +FAA7A +9DA8C +94FDD +8C596 +87446 +B6B7B +B667F +7E9CC
[2026-09-04 15:03:14.594] [INFO] [Plugin:esr.extended-states] TRACE state 33 -> CLEAR  unit 0000000180BE7810 callers +335578 +156B4F +1533EB +FAA7A +9DA8C +94FDD +8C596 +87446 +B6B7B +B667F +7E9CC
[2026-09-04 15:03:14.604] [INFO] [Plugin:esr.extended-states] TRACE state 33 -> SET  unit 0000000180BE7810 callers +335578 +156B74 +1533EB +FAA7A +9DA8C +94FDD +8C596 +87446 +B6B7B +B667F +7E9CC
[2026-09-04 15:03:14.614] [INFO] [Plugin:esr.extended-states] TRACE state 33 -> CLEAR  unit 0000000180BE79D0 callers +335578 +156B4F +1533EB +FAA7A +9DA8C +94FDD +8C596 +87446 +B6B7B +B667F +7E9CC
[2026-09-04 15:03:14.626] [INFO] [Plugin:esr.extended-states] TRACE state 33 -> SET  unit 0000000180BE79D0 callers +335578 +156B74 +1533EB +FAA7A +9DA8C +94FDD +8C596 +87446 +B6B7B +B667F +7E9CC
[2026-09-04 15:03:14.639] [INFO] [Plugin:esr.extended-states] TRACE state 33 -> CLEAR  unit 0000000180BE7B90 callers +335578 +156B4F +1533EB +FAA7A +9DA8C +94FDD +8C596 +87446 +B6B7B +B667F +7E9CC
[2026-09-04 15:03:14.651] [INFO] [Plugin:esr.extended-states] TRACE state 33 -> SET  unit 0000000180BE7B90 callers +335578 +156B74 +1533EB +FAA7A +9DA8C +94FDD +8C596 +87446 +B6B7B +B667F +7E9CC
[2026-09-04 15:03:16.564] [INFO] [Plugin:esr.extended-states] TRACE state 33 -> CLEAR  unit 0000000180BD0190 callers +335578 +156B4F +1533EB +FAA7A +9DA8C +94FDD +8C596 +87446 +B6B7B +B667F +7E9CC
[2026-09-04 15:03:16.577] [INFO] [Plugin:esr.extended-states] TRACE state 33 -> SET  unit 0000000180BD0190 callers +335578 +156B74 +1533EB +FAA7A +9DA8C +94FDD +8C596 +87446 +B6B7B +B667F +7E9CC
[2026-09-04 15:03:16.590] [INFO] [Plugin:esr.extended-states] TRACE state 33 -> CLEAR  unit 0000000180BE7490 callers +335578 +156B4F +1533EB +FAA7A +9DA8C +94FDD +8C596 +87446 +B6B7B +B667F +7E9CC
[2026-09-04 15:03:16.602] [INFO] [Plugin:esr.extended-states] TRACE state 33 -> SET  unit 0000000180BE7490 callers +335578 +156B74 +1533EB +FAA7A +9DA8C +94FDD +8C596 +87446 +B6B7B +B667F +7E9CC
[2026-09-04 15:03:16.615] [INFO] [Plugin:esr.extended-states] TRACE state 33 -> CLEAR  unit 0000000180BE7650 callers +335578 +156B4F +1533EB +FAA7A +9DA8C +94FDD +8C596 +87446 +B6B7B +B667F +7E9CC
[2026-09-04 15:03:16.627] [INFO] [Plugin:esr.extended-states] TRACE state 33 -> SET  unit 0000000180BE7650 callers +335578 +156B74 +1533EB +FAA7A +9DA8C +94FDD +8C596 +87446 +B6B7B +B667F +7E9CC
[2026-09-04 15:03:16.642] [INFO] [Plugin:esr.extended-states] TRACE state 33 -> CLEAR  unit 0000000180BE7810 callers +335578 +156B4F +1533EB +FAA7A +9DA8C +94FDD +8C596 +87446 +B6B7B +B667F +7E9CC
[2026-09-04 15:03:16.656] [INFO] [Plugin:esr.extended-states] TRACE state 33 -> SET  unit 0000000180BE7810 callers +335578 +156B74 +1533EB +FAA7A +9DA8C +94FDD +8C596 +87446 +B6B7B +B667F +7E9CC
[2026-09-04 15:03:16.666] [INFO] [Plugin:esr.extended-states] TRACE state 33 -> CLEAR  unit 0000000180BE79D0 callers +335578 +156B4F +1533EB +FAA7A +9DA8C +94FDD +8C596 +87446 +B6B7B +B667F +7E9CC
[2026-09-04 15:03:16.677] [INFO] [Plugin:esr.extended-states] TRACE state 33 -> SET  unit 0000000180BE79D0 callers +335578 +156B74 +1533EB +FAA7A +9DA8C +94FDD +8C596 +87446 +B6B7B +B667F +7E9CC
[2026-09-04 15:03:16.688] [INFO] [Plugin:esr.extended-states] TRACE state 33 -> CLEAR  unit 0000000180BE7B90 callers +335578 +156B4F +1533EB +FAA7A +9DA8C +94FDD +8C596 +87446 +B6B7B +B667F +7E9CC
[2026-09-04 15:03:16.701] [INFO] [Plugin:esr.extended-states] TRACE state 33 -> SET  unit 0000000180BE7B90 callers +335578 +156B74 +1533EB +FAA7A +9DA8C +94FDD +8C596 +87446 +B6B7B +B667F +7E9CC
[2026-09-04 15:03:18.556] [INFO] [Plugin:esr.extended-states] TRACE state 33 -> CLEAR  unit 0000000180BD0190 callers +335578 +156B4F +1533EB +FAA7A +9DA8C +94FDD +8C596 +87446 +B6B7B +B667F +7E9CC
[2026-09-04 15:03:18.571] [INFO] [Plugin:esr.extended-states] TRACE state 33 -> SET  unit 0000000180BD0190 callers +335578 +156B74 +1533EB +FAA7A +9DA8C +94FDD +8C596 +87446 +B6B7B +B667F +7E9CC
[2026-09-04 15:03:18.585] [INFO] [Plugin:esr.extended-states] TRACE state 33 -> CLEAR  unit 0000000180BE7490 callers +335578 +156B4F +1533EB +FAA7A +9DA8C +94FDD +8C596 +87446 +B6B7B +B667F +7E9CC
[2026-09-04 15:03:18.601] [INFO] [Plugin:esr.extended-states] TRACE state 33 -> SET  unit 0000000180BE7490 callers +335578 +156B74 +1533EB +FAA7A +9DA8C +94FDD +8C596 +87446 +B6B7B +B667F +7E9CC
[2026-09-04 15:03:18.617] [INFO] [Plugin:esr.extended-states] TRACE state 33 -> CLEAR  unit 0000000180BE7650 callers +335578 +156B4F +1533EB +FAA7A +9DA8C +94FDD +8C596 +87446 +B6B7B +B667F +7E9CC
[2026-09-04 15:03:18.631] [INFO] [Plugin:esr.extended-states] TRACE state 33 -> SET  unit 0000000180BE7650 callers +335578 +156B74 +1533EB +FAA7A +9DA8C +94FDD +8C596 +87446 +B6B7B +B667F +7E9CC
[2026-09-04 15:03:18.647] [INFO] [Plugin:esr.extended-states] TRACE state 33 -> CLEAR  unit 0000000180BE7810 callers +335578 +156B4F +1533EB +FAA7A +9DA8C +94FDD +8C596 +87446 +B6B7B +B667F +7E9CC
[2026-09-04 15:03:18.661] [INFO] [Plugin:esr.extended-states] TRACE state 33 -> SET  unit 0000000180BE7810 callers +335578 +156B74 +1533EB +FAA7A +9DA8C +94FDD +8C596 +87446 +B6B7B +B667F +7E9CC
[2026-09-04 15:03:18.672] [INFO] [Plugin:esr.extended-states] TRACE state 33 -> CLEAR  unit 0000000180BE79D0 callers +335578 +156B4F +1533EB +FAA7A +9DA8C +94FDD +8C596 +87446 +B6B7B +B667F +7E9CC
[2026-09-04 15:03:18.684] [INFO] [Plugin:esr.extended-states] TRACE state 33 -> SET  unit 0000000180BE79D0 callers +335578 +156B74 +1533EB +FAA7A +9DA8C +94FDD +8C596 +87446 +B6B7B +B667F +7E9CC
[2026-09-04 15:03:18.698] [INFO] [Plugin:esr.extended-states] TRACE state 33 -> CLEAR  unit 0000000180BE7B90 callers +335578 +156B4F +1533EB +FAA7A +9DA8C +94FDD +8C596 +87446 +B6B7B +B667F +7E9CC
[2026-09-04 15:03:18.712] [INFO] [Plugin:esr.extended-states] TRACE state 33 -> SET  unit 0000000180BE7B90 callers +335578 +156B74 +1533EB +FAA7A +9DA8C +94FDD +8C596 +87446 +B6B7B +B667F +7E9CC
[2026-09-04 15:04:36.635] [INFO] [Plugin:esr.extended-states] TRACE state 33 -> CLEAR  unit 0000000180BE8D10 callers +335578 +156B4F +1533EB +FAA7A +9DA8C +94FDD +8C596 +87446 +B6B7B +B667F +7E9CC
[2026-09-04 15:04:36.655] [INFO] [Plugin:esr.extended-states] TRACE state 33 -> CLEAR  unit 0000000180BE8B50 callers +335578 +156B4F +1533EB +FAA7A +9DA8C +94FDD +8C596 +87446 +B6B7B +B667F +7E9CC
[2026-09-04 15:04:36.674] [INFO] [Plugin:esr.extended-states] TRACE state 33 -> CLEAR  unit 0000000180BEA050 callers +335578 +156B4F +1533EB +FAA7A +9DA8C +94FDD +8C596 +87446 +B6B7B +B667F +7E9CC
[2026-09-04 15:04:36.689] [INFO] [Plugin:esr.extended-states] TRACE state 33 -> CLEAR  unit 0000000180BE9CD0 callers +335578 +156B4F +1533EB +FAA7A +9DA8C +94FDD +8C596 +87446 +B6B7B +B667F +7E9CC
[2026-09-04 15:04:36.702] [INFO] [Plugin:esr.extended-states] TRACE state 33 -> CLEAR  unit 0000000180BE9E90 callers +335578 +156B4F +1533EB +FAA7A +9DA8C +94FDD +8C596 +87446 +B6B7B +B667F +7E9CC
[2026-09-04 15:04:36.717] [INFO] [Plugin:esr.extended-states] TRACE state 33 -> CLEAR  unit 0000000180BCF010 callers +335578 +156B4F +1533EB +FAA7A +9DA8C +94FDD +8C596 +87446 +B6B7B +B667F +7E9CC
[2026-09-04 17:30:12.878] [INFO] [Plugin:esr.extended-states] esr.extended-states 2.4.0: 4096 states, 1024 byte bitmaps in plugin memory, game pool untouched.
[2026-09-04 17:30:13.095] [INFO] [Plugin:esr.extended-states] packet writer end of list patched at 53A09E, marker 4095 in 12 bits
[2026-09-04 17:30:13.109] [INFO] [Plugin:esr.extended-states] Hooks installed and cap patches applied.
[2026-09-04 17:32:20.948] [INFO] [Plugin:esr.extended-states] esr.extended-states 2.4.0: 4096 states, 1024 byte bitmaps in plugin memory, game pool untouched.
[2026-09-04 17:32:21.176] [INFO] [Plugin:esr.extended-states] packet writer end of list patched at 53A09E, marker 4095 in 12 bits
[2026-09-04 17:32:21.189] [INFO] [Plugin:esr.extended-states] Hooks installed and cap patches applied.
[2026-09-04 17:46:43.579] [INFO] [Plugin:esr.extended-states] esr.extended-states 2.4.0: 4096 states, 1024 byte bitmaps in plugin memory, game pool untouched.
[2026-09-04 17:46:43.789] [INFO] [Plugin:esr.extended-states] packet writer end of list patched at 53A09E, marker 4095 in 12 bits
[2026-09-04 17:46:43.801] [INFO] [Plugin:esr.extended-states] Hooks installed and cap patches applied.
[2026-09-04 17:47:48.126] [INFO] [Plugin:esr.extended-states] esr.extended-states 2.4.0: 4096 states, 1024 byte bitmaps in plugin memory, game pool untouched.
[2026-09-04 17:47:48.337] [INFO] [Plugin:esr.extended-states] WIRE reader sub_14012E9F0  +12EA73  mov edx,9   (a ReadBits width)
[2026-09-04 17:47:48.349] [INFO] [Plugin:esr.extended-states] WIRE reader sub_14012E9F0  +12EA84  cmp eax,1FFh (an end of list test)
[2026-09-04 17:47:48.361] [INFO] [Plugin:esr.extended-states] WIRE reader sub_14012E9F0  +12EAD2  mov edx,9   (a ReadBits width)
[2026-09-04 17:47:48.372] [INFO] [Plugin:esr.extended-states] WIRE reader sub_14012E9F0  +12EAE6  cmp eax,1FFh (an end of list test)
[2026-09-04 17:47:48.384] [INFO] [Plugin:esr.extended-states] WIRE reader sub_14012E9F0  +12EBFA  mov edx,9   (a ReadBits width)
[2026-09-04 17:47:48.396] [INFO] [Plugin:esr.extended-states] WIRE reader sub_14012E9F0  +12EC0E  cmp eax,1FFh (an end of list test)
[2026-09-04 17:47:48.408] [INFO] [Plugin:esr.extended-states] WIRE reader sub_14012E9F0  +12EC23  mov edx,9   (a ReadBits width)
[2026-09-04 17:47:48.418] [INFO] [Plugin:esr.extended-states] WIRE reader sub_14012E9F0  +12EC34  cmp eax,1FFh (an end of list test)
[2026-09-04 17:47:48.430] [INFO] [Plugin:esr.extended-states] WIRE writer sub_140539890  +539FFA  mov r8d,9   (a WriteBits width)
[2026-09-04 17:47:48.472] [INFO] [Plugin:esr.extended-states] WIRE writer sub_140539890  +53A059  mov r8d,9   (a WriteBits width)
[2026-09-04 17:47:48.483] [INFO] [Plugin:esr.extended-states] WIRE writer sub_140539890  +53A09F  mov edx,1FFh (an end of list value)
[2026-09-04 17:47:48.493] [INFO] [Plugin:esr.extended-states] WIRE writer sub_140539890  +53A0A5  mov r8d,9   (a WriteBits width)
[2026-09-04 17:47:48.508] [INFO] [Plugin:esr.extended-states] WIRE writer sub_140539890  +53A133  mov edx,1FFh (an end of list value)
[2026-09-04 17:47:48.525] [INFO] [Plugin:esr.extended-states] WIRE writer sub_140539890  +53A13D  mov r8d,9   (a WriteBits width)
[2026-09-04 17:47:48.537] [INFO] [Plugin:esr.extended-states] WIRE writer sub_14053A210  +53A617  mov r8d,9   (a WriteBits width)
[2026-09-04 17:47:48.548] [INFO] [Plugin:esr.extended-states] WIRE writer sub_14053A210  +53A68B  mov edx,1FFh (an end of list value)
[2026-09-04 17:47:48.558] [INFO] [Plugin:esr.extended-states] WIRE writer sub_14053A210  +53A696  mov r8d,9   (a WriteBits width)
[2026-09-04 17:47:48.570] [INFO] [Plugin:esr.extended-states] WIRE survey done. Send these lines.
[2026-09-04 17:47:48.580] [INFO] [Plugin:esr.extended-states] Hooks installed and cap patches applied.
[2026-09-04 17:48:06.886] [INFO] [Plugin:esr.extended-states] TRACE state 33 -> CLEAR  unit 000000018A720720 callers +335578 +156B4F +1533EB +FAA7A +9D98C +94FDD +8C596 +87446 +B6B7B +B667F +7E9CC
[2026-09-04 17:48:06.903] [INFO] [Plugin:esr.extended-states] TRACE state 33 -> SET  unit 000000018A720720 callers +335578 +156B74 +1533EB +FAA7A +9D98C +94FDD +8C596 +87446 +B6B7B +B667F +7E9CC
[2026-09-04 17:48:06.922] [INFO] [Plugin:esr.extended-states] TRACE state 33 -> CLEAR  unit 000000018A712720 callers +335578 +156B4F +1533EB +FAA7A +9D98C +94FDD +8C596 +87446 +B6B7B +B667F +7E9CC
[2026-09-04 17:48:06.939] [INFO] [Plugin:esr.extended-states] TRACE state 33 -> SET  unit 000000018A712720 callers +335578 +156B74 +1533EB +FAA7A +9D98C +94FDD +8C596 +87446 +B6B7B +B667F +7E9CC
[2026-09-04 17:48:06.959] [INFO] [Plugin:esr.extended-states] TRACE state 33 -> CLEAR  unit 0000000118C19C40 callers +335578 +156B4F +1533EB +FAA7A +9D98C +94FDD +8C596 +87446 +B6B7B +B667F +7E9CC
[2026-09-04 17:48:06.980] [INFO] [Plugin:esr.extended-states] TRACE state 33 -> SET  unit 0000000118C19C40 callers +335578 +156B74 +1533EB +FAA7A +9D98C +94FDD +8C596 +87446 +B6B7B +B667F +7E9CC
[2026-09-04 17:48:06.994] [INFO] [Plugin:esr.extended-states] TRACE state 33 -> CLEAR  unit 0000000118C0BC40 callers +335578 +156B4F +1533EB +FAA7A +9D98C +94FDD +8C596 +87446 +B6B7B +B667F +7E9CC
[2026-09-04 17:48:07.011] [INFO] [Plugin:esr.extended-states] TRACE state 33 -> SET  unit 0000000118C0BC40 callers +335578 +156B74 +1533EB +FAA7A +9D98C +94FDD +8C596 +87446 +B6B7B +B667F +7E9CC
[2026-09-04 17:48:07.030] [INFO] [Plugin:esr.extended-states] TRACE state 33 -> CLEAR  unit 0000000118BFDC40 callers +335578 +156B4F +1533EB +FAA7A +9D98C +94FDD +8C596 +87446 +B6B7B +B667F +7E9CC
[2026-09-04 17:48:07.047] [INFO] [Plugin:esr.extended-states] TRACE state 33 -> SET  unit 0000000118BFDC40 callers +335578 +156B74 +1533EB +FAA7A +9D98C +94FDD +8C596 +87446 +B6B7B +B667F +7E9CC
[2026-09-04 17:48:07.064] [INFO] [Plugin:esr.extended-states] TRACE state 33 -> CLEAR  unit 0000000118BEFC40 callers +335578 +156B4F +1533EB +FAA7A +9D98C +94FDD +8C596 +87446 +B6B7B +B667F +7E9CC
[2026-09-04 17:48:07.083] [INFO] [Plugin:esr.extended-states] TRACE state 33 -> SET  unit 0000000118BEFC40 callers +335578 +156B74 +1533EB +FAA7A +9D98C +94FDD +8C596 +87446 +B6B7B +B667F +7E9CC
[2026-09-04 17:48:07.102] [INFO] [Plugin:esr.extended-states] TRACE state 33 -> CLEAR  unit 0000000118BE1C40 callers +335578 +156B4F +1533EB +FAA7A +9D98C +94FDD +8C596 +87446 +B6B7B +B667F +7E9CC
[2026-09-04 17:48:07.120] [INFO] [Plugin:esr.extended-states] TRACE state 33 -> SET  unit 0000000118BE1C40 callers +335578 +156B74 +1533EB +FAA7A +9D98C +94FDD +8C596 +87446 +B6B7B +B667F +7E9CC
[2026-09-04 17:48:07.138] [INFO] [Plugin:esr.extended-states] TRACE state 33 -> CLEAR  unit 000000018A7208E0 callers +335578 +156B4F +1533EB +FAA7A +9D98C +94FDD +8C596 +87446 +B6B7B +B667F +7E9CC
[2026-09-04 17:48:07.157] [INFO] [Plugin:esr.extended-states] TRACE state 33 -> SET  unit 000000018A7208E0 callers +335578 +156B74 +1533EB +FAA7A +9D98C +94FDD +8C596 +87446 +B6B7B +B667F +7E9CC
[2026-09-04 17:48:07.177] [INFO] [Plugin:esr.extended-states] TRACE state 33 -> CLEAR  unit 000000018A7128E0 callers +335578 +156B4F +1533EB +FAA7A +9D98C +94FDD +8C596 +87446 +B6B7B +B667F +7E9CC
[2026-09-04 17:48:07.197] [INFO] [Plugin:esr.extended-states] TRACE state 33 -> SET  unit 000000018A7128E0 callers +335578 +156B74 +1533EB +FAA7A +9D98C +94FDD +8C596 +87446 +B6B7B +B667F +7E9CC
[2026-09-04 17:48:07.212] [INFO] [Plugin:esr.extended-states] TRACE state 33 -> CLEAR  unit 0000000118C19E00 callers +335578 +156B4F +1533EB +FAA7A +9D98C +94FDD +8C596 +87446 +B6B7B +B667F +7E9CC
[2026-09-04 17:48:07.227] [INFO] [Plugin:esr.extended-states] TRACE state 33 -> SET  unit 0000000118C19E00 callers +335578 +156B74 +1533EB +FAA7A +9D98C +94FDD +8C596 +87446 +B6B7B +B667F +7E9CC
[2026-09-04 17:48:07.245] [INFO] [Plugin:esr.extended-states] TRACE state 33 -> CLEAR  unit 0000000118C0BE00 callers +335578 +156B4F +1533EB +FAA7A +9D98C +94FDD +8C596 +87446 +B6B7B +B667F +7E9CC
[2026-09-04 17:48:07.264] [INFO] [Plugin:esr.extended-states] TRACE state 33 -> SET  unit 0000000118C0BE00 callers +335578 +156B74 +1533EB +FAA7A +9D98C +94FDD +8C596 +87446 +B6B7B +B667F +7E9CC
[2026-09-04 17:48:07.283] [INFO] [Plugin:esr.extended-states] TRACE state 33 -> CLEAR  unit 0000000118BFDE00 callers +335578 +156B4F +1533EB +FAA7A +9D98C +94FDD +8C596 +87446 +B6B7B +B667F +7E9CC
[2026-09-04 17:48:07.304] [INFO] [Plugin:esr.extended-states] TRACE state 33 -> SET  unit 0000000118BFDE00 callers +335578 +156B74 +1533EB +FAA7A +9D98C +94FDD +8C596 +87446 +B6B7B +B667F +7E9CC
[2026-09-04 17:48:07.322] [INFO] [Plugin:esr.extended-states] TRACE state 33 -> CLEAR  unit 0000000118BEFE00 callers +335578 +156B4F +1533EB +FAA7A +9D98C +94FDD +8C596 +87446 +B6B7B +B667F +7E9CC
[2026-09-04 17:48:07.344] [INFO] [Plugin:esr.extended-states] TRACE state 33 -> SET  unit 0000000118BEFE00 callers +335578 +156B74 +1533EB +FAA7A +9D98C +94FDD +8C596 +87446 +B6B7B +B667F +7E9CC
[2026-09-04 17:48:07.363] [INFO] [Plugin:esr.extended-states] TRACE state 33 -> CLEAR  unit 0000000118BE1E00 callers +335578 +156B4F +1533EB +FAA7A +9D98C +94FDD +8C596 +87446 +B6B7B +B667F +7E9CC
[2026-09-04 17:48:07.381] [INFO] [Plugin:esr.extended-states] TRACE state 33 -> SET  unit 0000000118BE1E00 callers +335578 +156B74 +1533EB +FAA7A +9D98C +94FDD +8C596 +87446 +B6B7B +B667F +7E9CC
[2026-09-04 17:48:07.396] [INFO] [Plugin:esr.extended-states] TRACE state 33 -> CLEAR  unit 0000000118BD3E00 callers +335578 +156B4F +1533EB +FAA7A +9D98C +94FDD +8C596 +87446 +B6B7B +B667F +7E9CC
[2026-09-04 17:48:07.422] [INFO] [Plugin:esr.extended-states] TRACE state 33 -> SET  unit 0000000118BD3E00 callers +335578 +156B74 +1533EB +FAA7A +9D98C +94FDD +8C596 +87446 +B6B7B +B667F +7E9CC
[2026-09-04 17:48:07.441] [INFO] [Plugin:esr.extended-states] TRACE state 33 -> CLEAR  unit 000000018A720AA0 callers +335578 +156B4F +1533EB +FAA7A +9D98C +94FDD +8C596 +87446 +B6B7B +B667F +7E9CC
[2026-09-04 17:48:07.454] [INFO] [Plugin:esr.extended-states] TRACE state 33 -> SET  unit 000000018A720AA0 callers +335578 +156B74 +1533EB +FAA7A +9D98C +94FDD +8C596 +87446 +B6B7B +B667F +7E9CC
[2026-09-04 17:48:07.468] [INFO] [Plugin:esr.extended-states] TRACE state 33 -> CLEAR  unit 000000018A712AA0 callers +335578 +156B4F +1533EB +FAA7A +9D98C +94FDD +8C596 +87446 +B6B7B +B667F +7E9CC
[2026-09-04 17:48:07.482] [INFO] [Plugin:esr.extended-states] TRACE state 33 -> SET  unit 000000018A712AA0 callers +335578 +156B74 +1533EB +FAA7A +9D98C +94FDD +8C596 +87446 +B6B7B +B667F +7E9CC
[2026-09-04 17:48:07.494] [INFO] [Plugin:esr.extended-states] TRACE state 33 -> CLEAR  unit 0000000118C19FC0 callers +335578 +156B4F +1533EB +FAA7A +9D98C +94FDD +8C596 +87446 +B6B7B +B667F +7E9CC
[2026-09-04 17:48:07.506] [INFO] [Plugin:esr.extended-states] TRACE state 33 -> SET  unit 0000000118C19FC0 callers +335578 +156B74 +1533EB +FAA7A +9D98C +94FDD +8C596 +87446 +B6B7B +B667F +7E9CC
[2026-09-04 17:48:07.517] [INFO] [Plugin:esr.extended-states] TRACE state 33 -> CLEAR  unit 0000000118C0BFC0 callers +335578 +156B4F +1533EB +FAA7A +9D98C +94FDD +8C596 +87446 +B6B7B +B667F +7E9CC
[2026-09-04 17:48:07.531] [INFO] [Plugin:esr.extended-states] TRACE state 33 -> SET  unit 0000000118C0BFC0 callers +335578 +156B74 +1533EB +FAA7A +9D98C +94FDD +8C596 +87446 +B6B7B +B667F +7E9CC
[2026-09-04 17:48:07.542] [INFO] [Plugin:esr.extended-states] TRACE state 33 -> CLEAR  unit 0000000118BFDFC0 callers +335578 +156B4F +1533EB +FAA7A +9D98C +94FDD +8C596 +87446 +B6B7B +B667F +7E9CC
[2026-09-04 17:48:07.555] [INFO] [Plugin:esr.extended-states] TRACE state 33 -> SET  unit 0000000118BFDFC0 callers +335578 +156B74 +1533EB +FAA7A +9D98C +94FDD +8C596 +87446 +B6B7B +B667F +7E9CC
[2026-09-04 17:48:07.568] [INFO] [Plugin:esr.extended-states] TRACE state 33 -> CLEAR  unit 0000000118BEFFC0 callers +335578 +156B4F +1533EB +FAA7A +9D98C +94FDD +8C596 +87446 +B6B7B +B667F +7E9CC
[2026-09-04 17:48:07.580] [INFO] [Plugin:esr.extended-states] TRACE state 33 -> SET  unit 0000000118BEFFC0 callers +335578 +156B74 +1533EB +FAA7A +9D98C +94FDD +8C596 +87446 +B6B7B +B667F +7E9CC
[2026-09-04 17:48:07.592] [INFO] [Plugin:esr.extended-states] TRACE state 33 -> CLEAR  unit 0000000118BE1FC0 callers +335578 +156B4F +1533EB +FAA7A +9D98C +94FDD +8C596 +87446 +B6B7B +B667F +7E9CC
[2026-09-04 17:48:07.605] [INFO] [Plugin:esr.extended-states] TRACE state 33 -> SET  unit 0000000118BE1FC0 callers +335578 +156B74 +1533EB +FAA7A +9D98C +94FDD +8C596 +87446 +B6B7B +B667F +7E9CC
[2026-09-04 17:48:07.618] [INFO] [Plugin:esr.extended-states] TRACE state 33 -> CLEAR  unit 0000000118BD3FC0 callers +335578 +156B4F +1533EB +FAA7A +9D98C +94FDD +8C596 +87446 +B6B7B +B667F +7E9CC
[2026-09-04 17:48:07.632] [INFO] [Plugin:esr.extended-states] TRACE state 33 -> SET  unit 0000000118BD3FC0 callers +335578 +156B74 +1533EB +FAA7A +9D98C +94FDD +8C596 +87446 +B6B7B +B667F +7E9CC
[2026-09-04 17:48:07.644] [INFO] [Plugin:esr.extended-states] TRACE state 33 -> CLEAR  unit 000000018A720C60 callers +335578 +156B4F +1533EB +FAA7A +9D98C +94FDD +8C596 +87446 +B6B7B +B667F +7E9CC
[2026-09-04 17:48:07.657] [INFO] [Plugin:esr.extended-states] TRACE state 33 -> SET  unit 000000018A720C60 callers +335578 +156B74 +1533EB +FAA7A +9D98C +94FDD +8C596 +87446 +B6B7B +B667F +7E9CC
[2026-09-04 17:48:07.668] [INFO] [Plugin:esr.extended-states] TRACE state 33 -> CLEAR  unit 000000018A712C60 callers +335578 +156B4F +1533EB +FAA7A +9D98C +94FDD +8C596 +87446 +B6B7B +B667F +7E9CC
[2026-09-04 17:48:07.681] [INFO] [Plugin:esr.extended-states] TRACE state 33 -> SET  unit 000000018A712C60 callers +335578 +156B74 +1533EB +FAA7A +9D98C +94FDD +8C596 +87446 +B6B7B +B667F +7E9CC
[2026-09-04 17:48:07.695] [INFO] [Plugin:esr.extended-states] TRACE state 33 -> CLEAR  unit 0000000118C1A180 callers +335578 +156B4F +1533EB +FAA7A +9D98C +94FDD +8C596 +87446 +B6B7B +B667F +7E9CC
[2026-09-04 17:48:07.708] [INFO] [Plugin:esr.extended-states] TRACE state 33 -> SET  unit 0000000118C1A180 callers +335578 +156B74 +1533EB +FAA7A +9D98C +94FDD +8C596 +87446 +B6B7B +B667F +7E9CC
[2026-09-04 17:48:07.721] [INFO] [Plugin:esr.extended-states] TRACE state 33 -> CLEAR  unit 0000000118C0C180 callers +335578 +156B4F +1533EB +FAA7A +9D98C +94FDD +8C596 +87446 +B6B7B +B667F +7E9CC
[2026-09-04 17:48:07.733] [INFO] [Plugin:esr.extended-states] TRACE state 33 -> SET  unit 0000000118C0C180 callers +335578 +156B74 +1533EB +FAA7A +9D98C +94FDD +8C596 +87446 +B6B7B +B667F +7E9CC
[2026-09-04 17:48:07.744] [INFO] [Plugin:esr.extended-states] TRACE state 33 -> CLEAR  unit 0000000118BFE180 callers +335578 +156B4F +1533EB +FAA7A +9D98C +94FDD +8C596 +87446 +B6B7B +B667F +7E9CC
[2026-09-04 17:48:07.757] [INFO] [Plugin:esr.extended-states] TRACE state 33 -> SET  unit 0000000118BFE180 callers +335578 +156B74 +1533EB +FAA7A +9D98C +94FDD +8C596 +87446 +B6B7B +B667F +7E9CC
[2026-09-04 17:48:07.772] [INFO] [Plugin:esr.extended-states] TRACE state 33 -> CLEAR  unit 0000000118BF0180 callers +335578 +156B4F +1533EB +FAA7A +9D98C +94FDD +8C596 +87446 +B6B7B +B667F +7E9CC
[2026-09-04 17:48:07.782] [INFO] [Plugin:esr.extended-states] TRACE state 33 -> SET  unit 0000000118BF0180 callers +335578 +156B74 +1533EB +FAA7A +9D98C +94FDD +8C596 +87446 +B6B7B +B667F +7E9CC
[2026-09-04 17:48:07.793] [INFO] [Plugin:esr.extended-states] TRACE state 33 -> CLEAR  unit 0000000118BE2180 callers +335578 +156B4F +1533EB +FAA7A +9D98C +94FDD +8C596 +87446 +B6B7B +B667F +7E9CC
[2026-09-04 17:48:07.806] [INFO] [Plugin:esr.extended-states] TRACE state 33 -> SET  unit 0000000118BE2180 callers +335578 +156B74 +1533EB +FAA7A +9D98C +94FDD +8C596 +87446 +B6B7B +B667F +7E9CC
[2026-09-04 17:56:29.829] [INFO] [Plugin:esr.extended-states] esr.extended-states 2.4.0: 4096 states, 1024 byte bitmaps in plugin memory, game pool untouched.
[2026-09-04 17:56:30.058] [INFO] [Plugin:esr.extended-states] WIRE reader sub_14012E9F0  +12EAD2  mov edx,9   (a ReadBits width)
[2026-09-04 17:56:30.071] [INFO] [Plugin:esr.extended-states] WIRE reader sub_14012E9F0  +12EAE6  cmp eax,1FFh (an end of list test)
[2026-09-04 17:56:30.082] [INFO] [Plugin:esr.extended-states] WIRE reader sub_14012E9F0  +12EBFA  mov edx,9   (a ReadBits width)
[2026-09-04 17:56:30.095] [INFO] [Plugin:esr.extended-states] WIRE reader sub_14012E9F0  +12EC0E  cmp eax,1FFh (an end of list test)
[2026-09-04 17:56:30.106] [INFO] [Plugin:esr.extended-states] WIRE writer sub_140539890  +53A059  mov r8d,9   (a WriteBits width)
[2026-09-04 17:56:30.118] [INFO] [Plugin:esr.extended-states] WIRE writer sub_140539890  +53A09F  mov edx,1FFh (an end of list value)
[2026-09-04 17:56:30.129] [INFO] [Plugin:esr.extended-states] WIRE writer sub_140539890  +53A0A5  mov r8d,9   (a WriteBits width)
[2026-09-04 17:56:30.142] [INFO] [Plugin:esr.extended-states] WIRE writer sub_14053A210  +53A617  mov r8d,9   (a WriteBits width)
[2026-09-04 17:56:30.154] [INFO] [Plugin:esr.extended-states] WIRE writer sub_14053A210  +53A68B  mov edx,1FFh (an end of list value)
[2026-09-04 17:56:30.167] [INFO] [Plugin:esr.extended-states] WIRE writer sub_14053A210  +53A696  mov r8d,9   (a WriteBits width)
[2026-09-04 17:56:30.179] [INFO] [Plugin:esr.extended-states] WIRE survey done. Send these lines.
[2026-09-04 17:56:30.191] [INFO] [Plugin:esr.extended-states] Hooks installed and cap patches applied.
[2026-09-04 17:58:43.308] [INFO] [Plugin:esr.extended-states] TRACE state 18 -> SET  unit 0000000112D44C80 callers +335578 +56A3E1 +43B58C +4366CF +42D401 +4FDC4A +4AD308 +4F30BD +51A1C8 +406B84
[2026-09-04 17:58:43.339] [INFO] [Plugin:esr.extended-states] TRACE state 18 -> SET  unit 000000015BA779F0 callers +335578 +21A9A4 +12E73F +13189D +95501 +8C13F +87446 +B6B7B +B667F +7E9CC
[2026-09-04 17:58:43.929] [INFO] [Plugin:esr.extended-states] TRACE state 18 -> CLEAR  unit 0000000112D44C80 callers +335578 +5385D0 +56BA7E +568994 +43AF1A +436B92 +42A9D7 +42DC50 +42CEB5 +48CB34 +48B67F
[2026-09-04 17:58:43.942] [INFO] [Plugin:esr.extended-states] TRACE state 18 -> CLEAR  unit 000000015BA779F0 callers +335578 +12B3BC +13189D +95501 +8C13F +87446 +B6B7B +B667F +7E9CC
[2026-09-04 17:58:48.732] [INFO] [Plugin:esr.extended-states] TRACE state 18 -> SET  unit 0000000112D44C80 callers +335578 +56A3E1 +43B58C +4366CF +42D401 +4FDC4A +4AD308 +4F30BD +51A1C8 +406B84
[2026-09-04 17:58:48.747] [INFO] [Plugin:esr.extended-states] TRACE state 18 -> SET  unit 000000015BA779F0 callers +335578 +21A9A4 +12E73F +13189D +95501 +8C13F +87446 +B6B7B +B667F +7E9CC
[2026-09-04 17:58:49.051] [INFO] [Plugin:esr.extended-states] TRACE state 18 -> CLEAR  unit 0000000112D44C80 callers +335578 +5385D0 +56BA7E +568994 +43AF1A +436B92 +42A9D7 +42DC50 +42CEB5 +48CB34 +48B67F
[2026-09-04 17:58:49.066] [INFO] [Plugin:esr.extended-states] TRACE state 18 -> CLEAR  unit 000000015BA779F0 callers +335578 +12B3BC +13189D +95501 +8C13F +87446 +B6B7B +B667F +7E9CC
[2026-09-04 18:06:17.906] [INFO] [Plugin:esr.extended-states] esr.extended-states 2.4.0: 4096 states, 1024 byte bitmaps in plugin memory, game pool untouched.
[2026-09-04 18:06:18.119] [INFO] [Plugin:esr.extended-states] WIRE reader sub_14012E9F0  +12EAD2  mov edx,9   (a ReadBits width)
[2026-09-04 18:06:18.132] [INFO] [Plugin:esr.extended-states] WIRE reader sub_14012E9F0  +12EAE6  cmp eax,1FFh (an end of list test)
[2026-09-04 18:06:18.143] [INFO] [Plugin:esr.extended-states] WIRE reader sub_14012E9F0  +12EBFA  mov edx,9   (a ReadBits width)
[2026-09-04 18:06:18.156] [INFO] [Plugin:esr.extended-states] WIRE reader sub_14012E9F0  +12EC0E  cmp eax,1FFh (an end of list test)
[2026-09-04 18:06:18.167] [INFO] [Plugin:esr.extended-states] WIRE writer sub_140539890  +53A059  mov r8d,9   (a WriteBits width)
[2026-09-04 18:06:18.179] [INFO] [Plugin:esr.extended-states] WIRE writer sub_140539890  +53A09F  mov edx,1FFh (an end of list value)
[2026-09-04 18:06:18.190] [INFO] [Plugin:esr.extended-states] WIRE writer sub_140539890  +53A0A5  mov r8d,9   (a WriteBits width)
[2026-09-04 18:06:18.204] [INFO] [Plugin:esr.extended-states] WIRE writer sub_14053A210  +53A617  mov r8d,9   (a WriteBits width)
[2026-09-04 18:06:18.219] [INFO] [Plugin:esr.extended-states] WIRE writer sub_14053A210  +53A68B  mov edx,1FFh (an end of list value)
[2026-09-04 18:06:18.230] [INFO] [Plugin:esr.extended-states] WIRE writer sub_14053A210  +53A696  mov r8d,9   (a WriteBits width)
[2026-09-04 18:06:18.242] [INFO] [Plugin:esr.extended-states] WIRE survey done. Send these lines.
[2026-09-04 18:06:18.256] [INFO] [Plugin:esr.extended-states] Hooks installed and cap patches applied.
[2026-09-04 18:12:38.976] [INFO] [Plugin:esr.extended-states] esr.extended-states 2.4.0: 4096 states, 1024 byte bitmaps in plugin memory, game pool untouched.
[2026-09-04 18:12:39.183] [INFO] [Plugin:esr.extended-states] WIRE reader sub_14012E9F0  +12EAD2  mov edx,9   (a ReadBits width)
[2026-09-04 18:12:39.195] [INFO] [Plugin:esr.extended-states] WIRE reader sub_14012E9F0  +12EAE6  cmp eax,1FFh (an end of list test)
[2026-09-04 18:12:39.207] [INFO] [Plugin:esr.extended-states] WIRE reader sub_14012E9F0  +12EBFA  mov edx,9   (a ReadBits width)
[2026-09-04 18:12:39.219] [INFO] [Plugin:esr.extended-states] WIRE reader sub_14012E9F0  +12EC0E  cmp eax,1FFh (an end of list test)
[2026-09-04 18:12:39.231] [INFO] [Plugin:esr.extended-states] WIRE writer sub_140539890  +53A059  mov r8d,9   (a WriteBits width)
[2026-09-04 18:12:39.242] [INFO] [Plugin:esr.extended-states] WIRE writer sub_140539890  +53A09F  mov edx,1FFh (an end of list value)
[2026-09-04 18:12:39.252] [INFO] [Plugin:esr.extended-states] WIRE writer sub_140539890  +53A0A5  mov r8d,9   (a WriteBits width)
[2026-09-04 18:12:39.271] [INFO] [Plugin:esr.extended-states] WIRE writer sub_14053A210  +53A617  mov r8d,9   (a WriteBits width)
[2026-09-04 18:12:39.282] [INFO] [Plugin:esr.extended-states] WIRE writer sub_14053A210  +53A68B  mov edx,1FFh (an end of list value)
[2026-09-04 18:12:39.294] [INFO] [Plugin:esr.extended-states] WIRE writer sub_14053A210  +53A696  mov r8d,9   (a WriteBits width)
[2026-09-04 18:12:39.305] [INFO] [Plugin:esr.extended-states] WIRE survey done. Send these lines.
[2026-09-04 18:12:39.315] [INFO] [Plugin:esr.extended-states] Hooks installed and cap patches applied.
[2026-09-04 18:24:53.875] [INFO] [Plugin:esr.extended-states] esr.extended-states 2.4.0: 4096 states, 1024 byte bitmaps in plugin memory, game pool untouched.
[2026-09-04 18:24:54.085] [INFO] [Plugin:esr.extended-states] WIRE reader sub_14012E9F0  +12EAD2  mov edx,9   (a ReadBits width)
[2026-09-04 18:24:54.097] [INFO] [Plugin:esr.extended-states] WIRE reader sub_14012E9F0  +12EAE6  cmp eax,1FFh (an end of list test)
[2026-09-04 18:24:54.108] [INFO] [Plugin:esr.extended-states] WIRE reader sub_14012E9F0  +12EBFA  mov edx,9   (a ReadBits width)
[2026-09-04 18:24:54.122] [INFO] [Plugin:esr.extended-states] WIRE reader sub_14012E9F0  +12EC0E  cmp eax,1FFh (an end of list test)
[2026-09-04 18:24:54.133] [INFO] [Plugin:esr.extended-states] WIRE writer sub_140539890  +53A059  mov r8d,9   (a WriteBits width)
[2026-09-04 18:24:54.141] [INFO] [Plugin:esr.extended-states] WIRE writer sub_140539890  +53A09F  mov edx,1FFh (an end of list value)
[2026-09-04 18:24:54.152] [INFO] [Plugin:esr.extended-states] WIRE writer sub_140539890  +53A0A5  mov r8d,9   (a WriteBits width)
[2026-09-04 18:24:54.163] [INFO] [Plugin:esr.extended-states] WIRE writer sub_14053A210  +53A617  mov r8d,9   (a WriteBits width)
[2026-09-04 18:24:54.175] [INFO] [Plugin:esr.extended-states] WIRE writer sub_14053A210  +53A68B  mov edx,1FFh (an end of list value)
[2026-09-04 18:24:54.186] [INFO] [Plugin:esr.extended-states] WIRE writer sub_14053A210  +53A696  mov r8d,9   (a WriteBits width)
[2026-09-04 18:24:54.198] [INFO] [Plugin:esr.extended-states] WIRE survey done. Send these lines.
[2026-09-04 18:24:54.210] [INFO] [Plugin:esr.extended-states] Hooks installed and cap patches applied.
[2026-09-04 18:37:06.018] [INFO] [Plugin:esr.extended-states] esr.extended-states 2.4.0: 4096 states, 1024 byte bitmaps in plugin memory, game pool untouched.
[2026-09-04 18:37:06.308] [INFO] [Plugin:esr.extended-states] WIRE reader sub_14012E9F0  +12EA73  mov edx,9   (a ReadBits width)
[2026-09-04 18:37:06.322] [INFO] [Plugin:esr.extended-states] WIRE reader sub_14012E9F0  +12EA84  cmp eax,1FFh (an end of list test)
[2026-09-04 18:37:06.335] [INFO] [Plugin:esr.extended-states] WIRE reader sub_14012E9F0  +12EAD2  mov edx,9   (a ReadBits width)
[2026-09-04 18:37:06.348] [INFO] [Plugin:esr.extended-states] WIRE reader sub_14012E9F0  +12EAE6  cmp eax,1FFh (an end of list test)
[2026-09-04 18:37:06.359] [INFO] [Plugin:esr.extended-states] WIRE reader sub_14012E9F0  +12EBFA  mov edx,9   (a ReadBits width)
[2026-09-04 18:37:06.372] [INFO] [Plugin:esr.extended-states] WIRE reader sub_14012E9F0  +12EC0E  cmp eax,1FFh (an end of list test)
[2026-09-04 18:37:06.384] [INFO] [Plugin:esr.extended-states] WIRE reader sub_14012E9F0  +12EC23  mov edx,9   (a ReadBits width)
[2026-09-04 18:37:06.396] [INFO] [Plugin:esr.extended-states] WIRE reader sub_14012E9F0  +12EC34  cmp eax,1FFh (an end of list test)
[2026-09-04 18:37:06.406] [INFO] [Plugin:esr.extended-states] WIRE writer sub_140539890  +539FFA  mov r8d,9   (a WriteBits width)
[2026-09-04 18:37:06.417] [INFO] [Plugin:esr.extended-states] WIRE writer sub_140539890  +53A059  mov r8d,9   (a WriteBits width)
[2026-09-04 18:37:06.429] [INFO] [Plugin:esr.extended-states] WIRE writer sub_140539890  +53A09F  mov edx,1FFh (an end of list value)
[2026-09-04 18:37:06.441] [INFO] [Plugin:esr.extended-states] WIRE writer sub_140539890  +53A0A5  mov r8d,9   (a WriteBits width)
[2026-09-04 18:37:06.454] [INFO] [Plugin:esr.extended-states] WIRE writer sub_140539890  +53A133  mov edx,1FFh (an end of list value)
[2026-09-04 18:37:06.464] [INFO] [Plugin:esr.extended-states] WIRE writer sub_140539890  +53A13D  mov r8d,9   (a WriteBits width)
[2026-09-04 18:37:06.475] [INFO] [Plugin:esr.extended-states] WIRE writer sub_14053A210  +53A617  mov r8d,9   (a WriteBits width)
[2026-09-04 18:37:06.498] [INFO] [Plugin:esr.extended-states] WIRE writer sub_14053A210  +53A68B  mov edx,1FFh (an end of list value)
[2026-09-04 18:37:06.509] [INFO] [Plugin:esr.extended-states] WIRE writer sub_14053A210  +53A696  mov r8d,9   (a WriteBits width)
[2026-09-04 18:37:06.521] [INFO] [Plugin:esr.extended-states] WIRE survey done. Send these lines.
[2026-09-04 18:37:06.533] [INFO] [Plugin:esr.extended-states] Hooks installed and cap patches applied.
[2026-09-04 18:47:53.455] [INFO] [Plugin:esr.extended-states] esr.extended-states 2.4.0: 4096 states, 1024 byte bitmaps in plugin memory, game pool untouched.
[2026-09-04 18:47:53.759] [INFO] [Plugin:esr.extended-states] WIRE reader sub_14012E9F0  +12EA73  mov edx,9   (a ReadBits width)
[2026-09-04 18:47:53.772] [INFO] [Plugin:esr.extended-states] WIRE reader sub_14012E9F0  +12EA84  cmp eax,1FFh (an end of list test)
[2026-09-04 18:47:53.784] [INFO] [Plugin:esr.extended-states] WIRE reader sub_14012E9F0  +12EAD2  mov edx,9   (a ReadBits width)
[2026-09-04 18:47:53.796] [INFO] [Plugin:esr.extended-states] WIRE reader sub_14012E9F0  +12EAE6  cmp eax,1FFh (an end of list test)
[2026-09-04 18:47:53.807] [INFO] [Plugin:esr.extended-states] WIRE reader sub_14012E9F0  +12EBFA  mov edx,9   (a ReadBits width)
[2026-09-04 18:47:53.818] [INFO] [Plugin:esr.extended-states] WIRE reader sub_14012E9F0  +12EC0E  cmp eax,1FFh (an end of list test)
[2026-09-04 18:47:53.830] [INFO] [Plugin:esr.extended-states] WIRE reader sub_14012E9F0  +12EC23  mov edx,9   (a ReadBits width)
[2026-09-04 18:47:53.841] [INFO] [Plugin:esr.extended-states] WIRE reader sub_14012E9F0  +12EC34  cmp eax,1FFh (an end of list test)
[2026-09-04 18:47:53.852] [INFO] [Plugin:esr.extended-states] WIRE writer sub_140539890  +539FFA  mov r8d,9   (a WriteBits width)
[2026-09-04 18:47:53.862] [INFO] [Plugin:esr.extended-states] WIRE writer sub_140539890  +53A059  mov r8d,9   (a WriteBits width)
[2026-09-04 18:47:53.875] [INFO] [Plugin:esr.extended-states] WIRE writer sub_140539890  +53A09F  mov edx,1FFh (an end of list value)
[2026-09-04 18:47:53.886] [INFO] [Plugin:esr.extended-states] WIRE writer sub_140539890  +53A0A5  mov r8d,9   (a WriteBits width)
[2026-09-04 18:47:53.897] [INFO] [Plugin:esr.extended-states] WIRE writer sub_140539890  +53A133  mov edx,1FFh (an end of list value)
[2026-09-04 18:47:53.909] [INFO] [Plugin:esr.extended-states] WIRE writer sub_140539890  +53A13D  mov r8d,9   (a WriteBits width)
[2026-09-04 18:47:53.921] [INFO] [Plugin:esr.extended-states] WIRE writer sub_14053A210  +53A617  mov r8d,9   (a WriteBits width)
[2026-09-04 18:47:53.932] [INFO] [Plugin:esr.extended-states] WIRE writer sub_14053A210  +53A68B  mov edx,1FFh (an end of list value)
[2026-09-04 18:47:53.943] [INFO] [Plugin:esr.extended-states] WIRE writer sub_14053A210  +53A696  mov r8d,9   (a WriteBits width)
[2026-09-04 18:47:53.953] [INFO] [Plugin:esr.extended-states] WIRE survey done. Send these lines.
[2026-09-04 18:47:53.965] [INFO] [Plugin:esr.extended-states] Hooks installed and cap patches applied.
[2026-09-04 18:49:58.747] [INFO] [Plugin:esr.extended-states] esr.extended-states 2.4.0: 4096 states, 1024 byte bitmaps in plugin memory, game pool untouched.
[2026-09-04 18:49:59.061] [INFO] [Plugin:esr.extended-states] WIRE reader sub_14012E9F0  +12EA73  mov edx,9   (a ReadBits width)
[2026-09-04 18:49:59.072] [INFO] [Plugin:esr.extended-states] WIRE reader sub_14012E9F0  +12EA84  cmp eax,1FFh (an end of list test)
[2026-09-04 18:49:59.085] [INFO] [Plugin:esr.extended-states] WIRE reader sub_14012E9F0  +12EAD2  mov edx,9   (a ReadBits width)
[2026-09-04 18:49:59.098] [INFO] [Plugin:esr.extended-states] WIRE reader sub_14012E9F0  +12EAE6  cmp eax,1FFh (an end of list test)
[2026-09-04 18:49:59.108] [INFO] [Plugin:esr.extended-states] WIRE reader sub_14012E9F0  +12EBFA  mov edx,9   (a ReadBits width)
[2026-09-04 18:49:59.121] [INFO] [Plugin:esr.extended-states] WIRE reader sub_14012E9F0  +12EC0E  cmp eax,1FFh (an end of list test)
[2026-09-04 18:49:59.132] [INFO] [Plugin:esr.extended-states] WIRE reader sub_14012E9F0  +12EC23  mov edx,9   (a ReadBits width)
[2026-09-04 18:49:59.145] [INFO] [Plugin:esr.extended-states] WIRE reader sub_14012E9F0  +12EC34  cmp eax,1FFh (an end of list test)
[2026-09-04 18:49:59.158] [INFO] [Plugin:esr.extended-states] WIRE writer sub_140539890  +539FFA  mov r8d,9   (a WriteBits width)
[2026-09-04 18:49:59.171] [INFO] [Plugin:esr.extended-states] WIRE writer sub_140539890  +53A059  mov r8d,9   (a WriteBits width)
[2026-09-04 18:49:59.183] [INFO] [Plugin:esr.extended-states] WIRE writer sub_140539890  +53A09F  mov edx,1FFh (an end of list value)
[2026-09-04 18:49:59.195] [INFO] [Plugin:esr.extended-states] WIRE writer sub_140539890  +53A0A5  mov r8d,9   (a WriteBits width)
[2026-09-04 18:49:59.207] [INFO] [Plugin:esr.extended-states] WIRE writer sub_140539890  +53A133  mov edx,1FFh (an end of list value)
[2026-09-04 18:49:59.220] [INFO] [Plugin:esr.extended-states] WIRE writer sub_140539890  +53A13D  mov r8d,9   (a WriteBits width)
[2026-09-04 18:49:59.233] [INFO] [Plugin:esr.extended-states] WIRE writer sub_14053A210  +53A617  mov r8d,9   (a WriteBits width)
[2026-09-04 18:49:59.247] [INFO] [Plugin:esr.extended-states] WIRE writer sub_14053A210  +53A68B  mov edx,1FFh (an end of list value)
[2026-09-04 18:49:59.259] [INFO] [Plugin:esr.extended-states] WIRE writer sub_14053A210  +53A696  mov r8d,9   (a WriteBits width)
[2026-09-04 18:49:59.273] [INFO] [Plugin:esr.extended-states] WIRE survey done. Send these lines.
[2026-09-04 18:49:59.289] [INFO] [Plugin:esr.extended-states] Hooks installed and cap patches applied.
[2026-09-04 19:26:20.039] [INFO] [Plugin:esr.extended-states] esr.extended-states 2.4.0: 4096 states, 1024 byte bitmaps in plugin memory, game pool untouched.
[2026-09-04 19:26:20.343] [INFO] [Plugin:esr.extended-states] WIRE reader sub_14012E9F0  +12EA73  mov edx,9   (a ReadBits width)
[2026-09-04 19:26:20.356] [INFO] [Plugin:esr.extended-states] WIRE reader sub_14012E9F0  +12EA84  cmp eax,1FFh (an end of list test)
[2026-09-04 19:26:20.372] [INFO] [Plugin:esr.extended-states] WIRE reader sub_14012E9F0  +12EAD2  mov edx,9   (a ReadBits width)
[2026-09-04 19:26:20.386] [INFO] [Plugin:esr.extended-states] WIRE reader sub_14012E9F0  +12EAE6  cmp eax,1FFh (an end of list test)
[2026-09-04 19:26:20.400] [INFO] [Plugin:esr.extended-states] WIRE reader sub_14012E9F0  +12EBFA  mov edx,9   (a ReadBits width)
[2026-09-04 19:26:20.416] [INFO] [Plugin:esr.extended-states] WIRE reader sub_14012E9F0  +12EC0E  cmp eax,1FFh (an end of list test)
[2026-09-04 19:26:20.431] [INFO] [Plugin:esr.extended-states] WIRE reader sub_14012E9F0  +12EC23  mov edx,9   (a ReadBits width)
[2026-09-04 19:26:20.445] [INFO] [Plugin:esr.extended-states] WIRE reader sub_14012E9F0  +12EC34  cmp eax,1FFh (an end of list test)
[2026-09-04 19:26:20.459] [INFO] [Plugin:esr.extended-states] WIRE writer sub_140539890  +539FFA  mov r8d,9   (a WriteBits width)
[2026-09-04 19:26:20.472] [INFO] [Plugin:esr.extended-states] WIRE writer sub_140539890  +53A059  mov r8d,9   (a WriteBits width)
[2026-09-04 19:26:20.486] [INFO] [Plugin:esr.extended-states] WIRE writer sub_140539890  +53A09F  mov edx,1FFh (an end of list value)
[2026-09-04 19:26:20.501] [INFO] [Plugin:esr.extended-states] WIRE writer sub_140539890  +53A0A5  mov r8d,9   (a WriteBits width)
[2026-09-04 19:26:20.516] [INFO] [Plugin:esr.extended-states] WIRE writer sub_140539890  +53A133  mov edx,1FFh (an end of list value)
[2026-09-04 19:26:20.529] [INFO] [Plugin:esr.extended-states] WIRE writer sub_140539890  +53A13D  mov r8d,9   (a WriteBits width)
[2026-09-04 19:26:20.542] [INFO] [Plugin:esr.extended-states] WIRE writer sub_14053A210  +53A617  mov r8d,9   (a WriteBits width)
[2026-09-04 19:26:20.555] [INFO] [Plugin:esr.extended-states] WIRE writer sub_14053A210  +53A68B  mov edx,1FFh (an end of list value)
[2026-09-04 19:26:20.568] [INFO] [Plugin:esr.extended-states] WIRE writer sub_14053A210  +53A696  mov r8d,9   (a WriteBits width)
[2026-09-04 19:26:20.580] [INFO] [Plugin:esr.extended-states] WIRE survey done. Send these lines.
[2026-09-04 19:26:20.591] [INFO] [Plugin:esr.extended-states] Hooks installed and cap patches applied.
[2026-09-04 21:10:57.658] [INFO] [Plugin:esr.extended-states] TRACE state 794 -> SET  unit 000000019A69F6A0 callers +335578 +569A98 +43B58C +4366CF +42D2A0 +4F8F66 +4AD3C3 +4F30BD +51A1C8 +406B84
[2026-09-04 21:10:57.684] [INFO] [Plugin:esr.extended-states] TRACE state 794 -> SET  unit 0000000284BEFEF0 callers +335578 +21A9A4 +12E7B8 +13189D +95501 +8C13F +87446 +B6B7B +B667F +7E9CC
[2026-09-04 21:10:59.632] [INFO] [Plugin:esr.extended-states] TRACE state 794 -> CLEAR  unit 000000019A69F6A0 callers +335578 +436293 +2F71A7 +2F9ECF +2F83F0 +42CEB5 +48CB34 +48B67F +40679B +4064C6
[2026-09-04 21:10:59.645] [INFO] [Plugin:esr.extended-states] TRACE state 794 -> CLEAR  unit 0000000284BEFEF0 callers +335578 +21AD1B +12E9D9 +13189D +95501 +8C13F +87446 +B6B7B +B667F +7E9CC
[2026-09-04 21:11:02.010] [INFO] [Plugin:esr.extended-states] TRACE state 794 -> SET  unit 000000019A69F6A0 callers +335578 +569A98 +43B58C +4366CF +42D2A0 +4F8F66 +4AD3C3 +4F30BD +51A1C8 +406B84
[2026-09-04 21:11:02.033] [INFO] [Plugin:esr.extended-states] TRACE state 794 -> SET  unit 0000000284BEFEF0 callers +335578 +21A9A4 +12E7B8 +13189D +95501 +8C13F +87446 +B6B7B +B667F +7E9CC
[2026-09-04 21:11:04.001] [INFO] [Plugin:esr.extended-states] TRACE state 794 -> CLEAR  unit 000000019A69F6A0 callers +335578 +436293 +2F71A7 +2F9ECF +2F83F0 +42CEB5 +48CB34 +48B67F +40679B +4064C6
[2026-09-04 21:11:04.015] [INFO] [Plugin:esr.extended-states] TRACE state 794 -> CLEAR  unit 0000000284BEFEF0 callers +335578 +21AD1B +12E9D9 +13189D +95501 +8C13F +87446 +B6B7B +B667F +7E9CC
[2026-09-04 21:11:10.096] [INFO] [Plugin:esr.extended-states] TRACE state 794 -> SET  unit 000000019A69F6A0 callers +335578 +569A98 +43B58C +4366CF +42D2A0 +4F8F66 +4AD3C3 +4F30BD +51A1C8 +406B84
[2026-09-04 21:11:10.124] [INFO] [Plugin:esr.extended-states] TRACE state 794 -> SET  unit 0000000284BEFEF0 callers +335578 +21A9A4 +12E7B8 +13189D +95501 +8C13F +87446 +B6B7B +B667F +7E9CC
[2026-09-04 21:11:12.074] [INFO] [Plugin:esr.extended-states] TRACE state 794 -> CLEAR  unit 000000019A69F6A0 callers +335578 +436293 +2F71A7 +2F9ECF +2F83F0 +42CEB5 +48CB34 +48B67F +40679B +4064C6
[2026-09-04 21:11:12.087] [INFO] [Plugin:esr.extended-states] TRACE state 794 -> CLEAR  unit 0000000284BEFEF0 callers +335578 +21AD1B +12E9D9 +13189D +95501 +8C13F +87446 +B6B7B +B667F +7E9CC
[2026-09-04 21:11:12.099] [INFO] [Plugin:esr.extended-states] TRACE state 794 -> SET  unit 000000019A69F6A0 callers +335578 +569A98 +43B58C +4366CF +42D2A0 +4F8F66 +4AD3C3 +4F30BD +51A1C8 +406B84
[2026-09-04 21:11:12.121] [INFO] [Plugin:esr.extended-states] TRACE state 794 -> SET  unit 0000000284BEFEF0 callers +335578 +21A9A4 +12E7B8 +13189D +95501 +8C13F +87446 +B6B7B +B667F +7E9CC
[2026-09-04 21:11:14.075] [INFO] [Plugin:esr.extended-states] TRACE state 794 -> CLEAR  unit 000000019A69F6A0 callers +335578 +436293 +2F71A7 +2F9ECF +2F83F0 +42CEB5 +48CB34 +48B67F +40679B +4064C6
[2026-09-04 21:11:14.096] [INFO] [Plugin:esr.extended-states] TRACE state 794 -> CLEAR  unit 0000000284BEFEF0 callers +335578 +21AD1B +12E9D9 +13189D +95501 +8C13F +87446 +B6B7B +B667F +7E9CC
[2026-09-04 21:11:14.684] [INFO] [Plugin:esr.extended-states] TRACE state 794 -> SET  unit 000000019A69F6A0 callers +335578 +569A98 +43B58C +4366CF +42D2A0 +4F8F66 +4AD3C3 +4F30BD +51A1C8 +406B84
[2026-09-04 21:11:14.713] [INFO] [Plugin:esr.extended-states] TRACE state 794 -> SET  unit 0000000284BEFEF0 callers +335578 +21A9A4 +12E7B8 +13189D +95501 +8C13F +87446 +B6B7B +B667F +7E9CC
[2026-09-04 21:11:20.912] [INFO] [Plugin:esr.extended-states] TRACE state 794 -> CLEAR  unit 000000019A69F6A0 callers +335578 +436293 +2F71A7 +2F9ECF +2F83F0 +42CEB5 +48CB34 +48B67F +40679B +4064C6
[2026-09-04 21:11:20.926] [INFO] [Plugin:esr.extended-states] TRACE state 794 -> CLEAR  unit 0000000284BEFEF0 callers +335578 +21AD1B +12E9D9 +13189D +95501 +8C13F +87446 +B6B7B +B667F +7E9CC
[2026-09-04 21:11:25.714] [INFO] [Plugin:esr.extended-states] TRACE state 794 -> SET  unit 000000019A69F6A0 callers +335578 +569A98 +43B58C +4366CF +42D2A0 +4F8F66 +4AD013 +4F30BD +51A1C8 +406B84
[2026-09-04 21:11:25.736] [INFO] [Plugin:esr.extended-states] TRACE state 794 -> SET  unit 0000000284BEFEF0 callers +335578 +21A9A4 +12E7B8 +13189D +95501 +8C13F +87446 +B6B7B +B667F +7E9CC
[2026-09-04 21:11:27.676] [INFO] [Plugin:esr.extended-states] TRACE state 794 -> CLEAR  unit 000000019A69F6A0 callers +335578 +436293 +2F71A7 +2F9ECF +2F83F0 +42CEB5 +48CB34 +48B67F +40679B +4064C6
[2026-09-04 21:11:27.699] [INFO] [Plugin:esr.extended-states] TRACE state 794 -> CLEAR  unit 0000000284BEFEF0 callers +335578 +21AD1B +12E9D9 +13189D +95501 +8C13F +87446 +B6B7B +B667F +7E9CC
[2026-09-04 21:11:28.371] [INFO] [Plugin:esr.extended-states] TRACE state 794 -> SET  unit 000000019A69F6A0 callers +335578 +569A98 +43B58C +4366CF +42D2A0 +4F8F66 +4AD013 +4F30BD +51A1C8 +406B84
[2026-09-04 21:11:28.396] [INFO] [Plugin:esr.extended-states] TRACE state 794 -> SET  unit 0000000284BEFEF0 callers +335578 +21A9A4 +12E7B8 +13189D +95501 +8C13F +87446 +B6B7B +B667F +7E9CC
[2026-09-04 21:11:30.360] [INFO] [Plugin:esr.extended-states] TRACE state 794 -> CLEAR  unit 000000019A69F6A0 callers +335578 +436293 +2F71A7 +2F9ECF +2F83F0 +42CEB5 +48CB34 +48B67F +40679B +4064C6
[2026-09-04 21:11:30.382] [INFO] [Plugin:esr.extended-states] TRACE state 794 -> CLEAR  unit 0000000284BEFEF0 callers +335578 +21AD1B +12E9D9 +13189D +95501 +8C13F +87446 +B6B7B +B667F +7E9CC
[2026-09-04 21:11:31.857] [INFO] [Plugin:esr.extended-states] TRACE state 794 -> SET  unit 000000019A69F6A0 callers +335578 +569A98 +43B58C +4366CF +42D2A0 +4F8F66 +4AD013 +4F30BD +51A1C8 +406B84
[2026-09-04 21:11:31.885] [INFO] [Plugin:esr.extended-states] TRACE state 794 -> SET  unit 0000000284BEFEF0 callers +335578 +21A9A4 +12E7B8 +13189D +95501 +8C13F +87446 +B6B7B +B667F +7E9CC
[2026-09-04 21:11:34.912] [INFO] [Plugin:esr.extended-states] TRACE state 794 -> CLEAR  unit 000000019A69F6A0 callers +335578 +436293 +2F71A7 +2F9ECF +2F83F0 +42CEB5 +48CB34 +48B67F +40679B +4064C6
[2026-09-04 21:11:34.924] [INFO] [Plugin:esr.extended-states] TRACE state 794 -> CLEAR  unit 0000000284BEFEF0 callers +335578 +21AD1B +12E9D9 +13189D +95501 +8C13F +87446 +B6B7B +B667F +7E9CC
[2026-09-04 21:13:50.315] [INFO] [Plugin:esr.extended-states] esr.extended-states 2.4.0: 4096 states, 1024 byte bitmaps in plugin memory, game pool untouched.
[2026-09-04 21:13:50.751] [INFO] [Plugin:esr.extended-states] WIRE reader sub_14012E9F0  +12EA73  mov edx,9   (a ReadBits width)
[2026-09-04 21:13:50.765] [INFO] [Plugin:esr.extended-states] WIRE reader sub_14012E9F0  +12EA84  cmp eax,1FFh (an end of list test)
[2026-09-04 21:13:50.777] [INFO] [Plugin:esr.extended-states] WIRE reader sub_14012E9F0  +12EAD2  mov edx,9   (a ReadBits width)
[2026-09-04 21:13:50.789] [INFO] [Plugin:esr.extended-states] WIRE reader sub_14012E9F0  +12EAE6  cmp eax,1FFh (an end of list test)
[2026-09-04 21:13:50.802] [INFO] [Plugin:esr.extended-states] WIRE reader sub_14012E9F0  +12EBFA  mov edx,9   (a ReadBits width)
[2026-09-04 21:13:50.814] [INFO] [Plugin:esr.extended-states] WIRE reader sub_14012E9F0  +12EC0E  cmp eax,1FFh (an end of list test)
[2026-09-04 21:13:50.828] [INFO] [Plugin:esr.extended-states] WIRE reader sub_14012E9F0  +12EC23  mov edx,9   (a ReadBits width)
[2026-09-04 21:13:50.841] [INFO] [Plugin:esr.extended-states] WIRE reader sub_14012E9F0  +12EC34  cmp eax,1FFh (an end of list test)
[2026-09-04 21:13:50.854] [INFO] [Plugin:esr.extended-states] WIRE writer sub_140539890  +539FFA  mov r8d,9   (a WriteBits width)
[2026-09-04 21:13:50.866] [INFO] [Plugin:esr.extended-states] WIRE writer sub_140539890  +53A059  mov r8d,9   (a WriteBits width)
[2026-09-04 21:13:50.879] [INFO] [Plugin:esr.extended-states] WIRE writer sub_140539890  +53A09F  mov edx,1FFh (an end of list value)
[2026-09-04 21:13:50.890] [INFO] [Plugin:esr.extended-states] WIRE writer sub_140539890  +53A0A5  mov r8d,9   (a WriteBits width)
[2026-09-04 21:13:50.902] [INFO] [Plugin:esr.extended-states] WIRE writer sub_140539890  +53A133  mov edx,1FFh (an end of list value)
[2026-09-04 21:13:50.913] [INFO] [Plugin:esr.extended-states] WIRE writer sub_140539890  +53A13D  mov r8d,9   (a WriteBits width)
[2026-09-04 21:13:50.926] [INFO] [Plugin:esr.extended-states] WIRE writer sub_14053A210  +53A617  mov r8d,9   (a WriteBits width)
[2026-09-04 21:13:50.937] [INFO] [Plugin:esr.extended-states] WIRE writer sub_14053A210  +53A68B  mov edx,1FFh (an end of list value)
[2026-09-04 21:13:50.949] [INFO] [Plugin:esr.extended-states] WIRE writer sub_14053A210  +53A696  mov r8d,9   (a WriteBits width)
[2026-09-04 21:13:50.961] [INFO] [Plugin:esr.extended-states] WIRE survey done. Send these lines.
[2026-09-04 21:13:50.973] [INFO] [Plugin:esr.extended-states] Hooks installed and cap patches applied.
[2026-09-04 21:34:29.330] [INFO] [Plugin:esr.extended-states] esr.extended-states 2.4.0: 4096 states, 1024 byte bitmaps in plugin memory, game pool untouched.
[2026-09-04 21:34:29.707] [INFO] [Plugin:esr.extended-states] WIRE reader sub_14012E9F0  +12EA73  mov edx,9   (a ReadBits width)
[2026-09-04 21:34:29.722] [INFO] [Plugin:esr.extended-states] WIRE reader sub_14012E9F0  +12EA84  cmp eax,1FFh (an end of list test)
[2026-09-04 21:34:29.736] [INFO] [Plugin:esr.extended-states] WIRE reader sub_14012E9F0  +12EAD2  mov edx,9   (a ReadBits width)
[2026-09-04 21:34:29.754] [INFO] [Plugin:esr.extended-states] WIRE reader sub_14012E9F0  +12EAE6  cmp eax,1FFh (an end of list test)
[2026-09-04 21:34:29.768] [INFO] [Plugin:esr.extended-states] WIRE reader sub_14012E9F0  +12EBFA  mov edx,9   (a ReadBits width)
[2026-09-04 21:34:29.784] [INFO] [Plugin:esr.extended-states] WIRE reader sub_14012E9F0  +12EC0E  cmp eax,1FFh (an end of list test)
[2026-09-04 21:34:29.803] [INFO] [Plugin:esr.extended-states] WIRE reader sub_14012E9F0  +12EC23  mov edx,9   (a ReadBits width)
[2026-09-04 21:34:29.827] [INFO] [Plugin:esr.extended-states] WIRE reader sub_14012E9F0  +12EC34  cmp eax,1FFh (an end of list test)
[2026-09-04 21:34:29.850] [INFO] [Plugin:esr.extended-states] WIRE writer sub_140539890  +539FFA  mov r8d,9   (a WriteBits width)
[2026-09-04 21:34:29.873] [INFO] [Plugin:esr.extended-states] WIRE writer sub_140539890  +53A059  mov r8d,9   (a WriteBits width)
[2026-09-04 21:34:29.898] [INFO] [Plugin:esr.extended-states] WIRE writer sub_140539890  +53A09F  mov edx,1FFh (an end of list value)
[2026-09-04 21:34:29.918] [INFO] [Plugin:esr.extended-states] WIRE writer sub_140539890  +53A0A5  mov r8d,9   (a WriteBits width)
[2026-09-04 21:34:29.935] [INFO] [Plugin:esr.extended-states] WIRE writer sub_140539890  +53A133  mov edx,1FFh (an end of list value)
[2026-09-04 21:34:29.950] [INFO] [Plugin:esr.extended-states] WIRE writer sub_140539890  +53A13D  mov r8d,9   (a WriteBits width)
[2026-09-04 21:34:29.965] [INFO] [Plugin:esr.extended-states] WIRE writer sub_14053A210  +53A617  mov r8d,9   (a WriteBits width)
[2026-09-04 21:34:29.979] [INFO] [Plugin:esr.extended-states] WIRE writer sub_14053A210  +53A68B  mov edx,1FFh (an end of list value)
[2026-09-04 21:34:29.996] [INFO] [Plugin:esr.extended-states] WIRE writer sub_14053A210  +53A696  mov r8d,9   (a WriteBits width)
[2026-09-04 21:34:30.011] [INFO] [Plugin:esr.extended-states] WIRE survey done. Send these lines.
[2026-09-04 21:34:30.026] [INFO] [Plugin:esr.extended-states] Hooks installed and cap patches applied.
[2026-09-04 21:37:55.312] [INFO] [Plugin:esr.extended-states] esr.extended-states 2.4.0: 4096 states, 1024 byte bitmaps in plugin memory, game pool untouched.
[2026-09-04 21:37:55.667] [INFO] [Plugin:esr.extended-states] WIRE reader sub_14012E9F0  +12EA73  mov edx,9   (a ReadBits width)
[2026-09-04 21:37:55.680] [INFO] [Plugin:esr.extended-states] WIRE reader sub_14012E9F0  +12EA84  cmp eax,1FFh (an end of list test)
[2026-09-04 21:37:55.694] [INFO] [Plugin:esr.extended-states] WIRE reader sub_14012E9F0  +12EAD2  mov edx,9   (a ReadBits width)
[2026-09-04 21:37:55.708] [INFO] [Plugin:esr.extended-states] WIRE reader sub_14012E9F0  +12EAE6  cmp eax,1FFh (an end of list test)
[2026-09-04 21:37:55.721] [INFO] [Plugin:esr.extended-states] WIRE reader sub_14012E9F0  +12EBFA  mov edx,9   (a ReadBits width)
[2026-09-04 21:37:55.739] [INFO] [Plugin:esr.extended-states] WIRE reader sub_14012E9F0  +12EC0E  cmp eax,1FFh (an end of list test)
[2026-09-04 21:37:55.753] [INFO] [Plugin:esr.extended-states] WIRE reader sub_14012E9F0  +12EC23  mov edx,9   (a ReadBits width)
[2026-09-04 21:37:55.767] [INFO] [Plugin:esr.extended-states] WIRE reader sub_14012E9F0  +12EC34  cmp eax,1FFh (an end of list test)
[2026-09-04 21:37:55.779] [INFO] [Plugin:esr.extended-states] WIRE writer sub_140539890  +539FFA  mov r8d,9   (a WriteBits width)
[2026-09-04 21:37:55.792] [INFO] [Plugin:esr.extended-states] WIRE writer sub_140539890  +53A059  mov r8d,9   (a WriteBits width)
[2026-09-04 21:37:55.805] [INFO] [Plugin:esr.extended-states] WIRE writer sub_140539890  +53A09F  mov edx,1FFh (an end of list value)
[2026-09-04 21:37:55.819] [INFO] [Plugin:esr.extended-states] WIRE writer sub_140539890  +53A0A5  mov r8d,9   (a WriteBits width)
[2026-09-04 21:37:55.832] [INFO] [Plugin:esr.extended-states] WIRE writer sub_140539890  +53A133  mov edx,1FFh (an end of list value)
[2026-09-04 21:37:55.847] [INFO] [Plugin:esr.extended-states] WIRE writer sub_140539890  +53A13D  mov r8d,9   (a WriteBits width)
[2026-09-04 21:37:55.863] [INFO] [Plugin:esr.extended-states] WIRE writer sub_14053A210  +53A617  mov r8d,9   (a WriteBits width)
[2026-09-04 21:37:55.876] [INFO] [Plugin:esr.extended-states] WIRE writer sub_14053A210  +53A68B  mov edx,1FFh (an end of list value)
[2026-09-04 21:37:55.891] [INFO] [Plugin:esr.extended-states] WIRE writer sub_14053A210  +53A696  mov r8d,9   (a WriteBits width)
[2026-09-04 21:37:55.904] [INFO] [Plugin:esr.extended-states] WIRE survey done. Send these lines.
[2026-09-04 21:37:55.920] [INFO] [Plugin:esr.extended-states] Hooks installed and cap patches applied.
[2026-09-04 21:38:24.383] [INFO] [Plugin:esr.extended-states] TRACE state 795 -> SET  unit 0000000112B53420 callers +335578 +470981 +2FA3BF +2F2EF8 +2F826E +475479 +475123 +470DDF +472274 +4AD9AE +4F30BD
[2026-09-04 21:38:24.407] [INFO] [Plugin:esr.extended-states] TRACE state 795 -> SET  unit 000000015ED7CC10 callers +335578 +21A9A4 +12E73F +13189D +95501 +8C13F +87446 +B6B7B +B667F +7E9CC
[2026-09-04 21:38:28.660] [INFO] [Plugin:esr.extended-states] TRACE state 795 -> CLEAR  unit 0000000112B53420 callers +335578 +470981 +2FA3BF +2F715B +2F82DF +38BBA8 +3898F6 +535EDB +48FA8D +4250E4 +48FC09
[2026-09-04 21:38:32.868] [INFO] [Plugin:esr.extended-states] TRACE state 795 -> SET  unit 000000015ED7CA50 callers +335578 +470981 +2FA3BF +2F2EF8 +2F826E +475479 +475123 +470DDF +47183A +41A992
[2026-09-04 21:38:33.093] [INFO] [Plugin:esr.extended-states] TRACE state 795 -> SET  unit 00000001F7B2EEE0 callers +335578 +21A9A4 +12E73F +13189D +95501 +8C13F +87446 +B6B7B +B667F +7E9CC
[2026-09-04 21:39:39.937] [INFO] [Plugin:esr.extended-states] TRACE state 795 -> CLEAR  unit 000000015ED7CA50 callers +335578 +470981 +2FA3BF +2F715B +2F82DF +38BBA8 +3898F6 +535EDB +48FA8D +4250E4 +48FC09
[2026-09-04 21:40:06.362] [INFO] [Plugin:esr.extended-states] esr.extended-states 2.4.0: 4096 states, 1024 byte bitmaps in plugin memory, game pool untouched.
[2026-09-04 21:40:06.697] [INFO] [Plugin:esr.extended-states] WIRE reader sub_14012E9F0  +12EA73  mov edx,9   (a ReadBits width)
[2026-09-04 21:40:06.709] [INFO] [Plugin:esr.extended-states] WIRE reader sub_14012E9F0  +12EA84  cmp eax,1FFh (an end of list test)
[2026-09-04 21:40:06.722] [INFO] [Plugin:esr.extended-states] WIRE reader sub_14012E9F0  +12EAD2  mov edx,9   (a ReadBits width)
[2026-09-04 21:40:06.734] [INFO] [Plugin:esr.extended-states] WIRE reader sub_14012E9F0  +12EAE6  cmp eax,1FFh (an end of list test)
[2026-09-04 21:40:06.744] [INFO] [Plugin:esr.extended-states] WIRE reader sub_14012E9F0  +12EBFA  mov edx,9   (a ReadBits width)
[2026-09-04 21:40:06.757] [INFO] [Plugin:esr.extended-states] WIRE reader sub_14012E9F0  +12EC0E  cmp eax,1FFh (an end of list test)
[2026-09-04 21:40:06.771] [INFO] [Plugin:esr.extended-states] WIRE reader sub_14012E9F0  +12EC23  mov edx,9   (a ReadBits width)
[2026-09-04 21:40:06.784] [INFO] [Plugin:esr.extended-states] WIRE reader sub_14012E9F0  +12EC34  cmp eax,1FFh (an end of list test)
[2026-09-04 21:40:06.796] [INFO] [Plugin:esr.extended-states] WIRE writer sub_140539890  +539FFA  mov r8d,9   (a WriteBits width)
[2026-09-04 21:40:06.810] [INFO] [Plugin:esr.extended-states] WIRE writer sub_140539890  +53A059  mov r8d,9   (a WriteBits width)
[2026-09-04 21:40:06.822] [INFO] [Plugin:esr.extended-states] WIRE writer sub_140539890  +53A09F  mov edx,1FFh (an end of list value)
[2026-09-04 21:40:06.837] [INFO] [Plugin:esr.extended-states] WIRE writer sub_140539890  +53A0A5  mov r8d,9   (a WriteBits width)
[2026-09-04 21:40:06.850] [INFO] [Plugin:esr.extended-states] WIRE writer sub_140539890  +53A133  mov edx,1FFh (an end of list value)
[2026-09-04 21:40:06.862] [INFO] [Plugin:esr.extended-states] WIRE writer sub_140539890  +53A13D  mov r8d,9   (a WriteBits width)
[2026-09-04 21:40:06.872] [INFO] [Plugin:esr.extended-states] WIRE writer sub_14053A210  +53A617  mov r8d,9   (a WriteBits width)
[2026-09-04 21:40:06.885] [INFO] [Plugin:esr.extended-states] WIRE writer sub_14053A210  +53A68B  mov edx,1FFh (an end of list value)
[2026-09-04 21:40:06.898] [INFO] [Plugin:esr.extended-states] WIRE writer sub_14053A210  +53A696  mov r8d,9   (a WriteBits width)
[2026-09-04 21:40:06.911] [INFO] [Plugin:esr.extended-states] WIRE survey done. Send these lines.
[2026-09-04 21:40:06.924] [INFO] [Plugin:esr.extended-states] Hooks installed and cap patches applied.
[2026-09-04 21:40:23.645] [INFO] [Plugin:esr.extended-states] TRACE state 795 -> SET  unit 000000011C14CFF0 callers +335578 +470981 +2FA3BF +2F2EF8 +2F826E +475479 +475123 +470DDF +47183A +41A992
[2026-09-04 21:40:24.174] [INFO] [Plugin:esr.extended-states] TRACE state 795 -> SET  unit 00000001DC5ED2F0 callers +335578 +21A9A4 +12E73F +13189D +95501 +8C13F +87446 +B6B7B +B667F +7E9CC
[2026-09-04 21:40:29.974] [INFO] [Plugin:esr.extended-states] TRACE state 795 -> CLEAR  unit 000000011C14CFF0 callers +335578 +470981 +2FA3BF +2F715B +2F82DF +46F904 +47488D +4721CB +4AA1BB +4F30BD
[2026-09-04 21:40:30.008] [INFO] [Plugin:esr.extended-states] TRACE state 795 -> CLEAR  unit 00000001DC5ED2F0 callers +335578 +21AD1B +12E9D9 +13189D +95501 +8C13F +87446 +B6B7B +B667F +7E9CC
[2026-09-04 21:40:37.577] [INFO] [Plugin:esr.extended-states] TRACE state 794 -> SET  unit 000000011C14CFF0 callers +335578 +569A98 +43B58C +4366CF +42D2A0 +4F8F66 +4AD013 +4F30BD +51A1C8 +406B84
[2026-09-04 21:40:39.564] [INFO] [Plugin:esr.extended-states] TRACE state 794 -> CLEAR  unit 000000011C14CFF0 callers +335578 +436293 +2F71A7 +2F9ECF +2F83F0 +42CEB5 +48CB34 +48B67F +40679B +4064C6
[2026-09-04 21:40:41.000] [INFO] [Plugin:esr.extended-states] TRACE state 794 -> SET  unit 000000011C14CFF0 callers +335578 +569A98 +43B58C +4366CF +42D401 +4FDC4A +4ACF58 +4F30BD +51A1C8 +406B84
[2026-09-04 21:40:42.967] [INFO] [Plugin:esr.extended-states] TRACE state 794 -> CLEAR  unit 000000011C14CFF0 callers +335578 +436293 +2F71A7 +2F9ECF +2F83F0 +42CEB5 +48CB34 +48B67F +40679B +4064C6
[2026-09-04 21:40:44.215] [INFO] [Plugin:esr.extended-states] TRACE state 794 -> SET  unit 000000011C14CFF0 callers +335578 +569A98 +43B58C +4366CF +42D2A0 +4F8F66 +4AD013 +4F30BD +51A1C8 +406B84
[2026-09-04 21:40:48.322] [INFO] [Plugin:esr.extended-states] TRACE state 794 -> CLEAR  unit 000000011C14CFF0 callers +335578 +436293 +2F71A7 +2F9ECF +2F83F0 +42CEB5 +48CB34 +48B67F +40679B +4064C6
[2026-09-04 21:40:51.298] [INFO] [Plugin:esr.extended-states] TRACE state 794 -> SET  unit 000000011C14CFF0 callers +335578 +569A98 +43B58C +4366CF +42D2A0 +4F8F66 +4AD013 +4F30BD +51A1C8 +406B84
[2026-09-04 21:41:00.184] [INFO] [Plugin:esr.extended-states] esr.extended-states 2.4.0: 4096 states, 1024 byte bitmaps in plugin memory, game pool untouched.
[2026-09-04 21:41:00.548] [INFO] [Plugin:esr.extended-states] WIRE reader sub_14012E9F0  +12EA73  mov edx,9   (a ReadBits width)
[2026-09-04 21:41:00.562] [INFO] [Plugin:esr.extended-states] WIRE reader sub_14012E9F0  +12EA84  cmp eax,1FFh (an end of list test)
[2026-09-04 21:41:00.576] [INFO] [Plugin:esr.extended-states] WIRE reader sub_14012E9F0  +12EAD2  mov edx,9   (a ReadBits width)
[2026-09-04 21:41:00.591] [INFO] [Plugin:esr.extended-states] WIRE reader sub_14012E9F0  +12EAE6  cmp eax,1FFh (an end of list test)
[2026-09-04 21:41:00.607] [INFO] [Plugin:esr.extended-states] WIRE reader sub_14012E9F0  +12EBFA  mov edx,9   (a ReadBits width)
[2026-09-04 21:41:00.620] [INFO] [Plugin:esr.extended-states] WIRE reader sub_14012E9F0  +12EC0E  cmp eax,1FFh (an end of list test)
[2026-09-04 21:41:00.634] [INFO] [Plugin:esr.extended-states] WIRE reader sub_14012E9F0  +12EC23  mov edx,9   (a ReadBits width)
[2026-09-04 21:41:00.646] [INFO] [Plugin:esr.extended-states] WIRE reader sub_14012E9F0  +12EC34  cmp eax,1FFh (an end of list test)
[2026-09-04 21:41:00.660] [INFO] [Plugin:esr.extended-states] WIRE writer sub_140539890  +539FFA  mov r8d,9   (a WriteBits width)
[2026-09-04 21:41:00.672] [INFO] [Plugin:esr.extended-states] WIRE writer sub_140539890  +53A059  mov r8d,9   (a WriteBits width)
[2026-09-04 21:41:00.686] [INFO] [Plugin:esr.extended-states] WIRE writer sub_140539890  +53A09F  mov edx,1FFh (an end of list value)
[2026-09-04 21:41:00.698] [INFO] [Plugin:esr.extended-states] WIRE writer sub_140539890  +53A0A5  mov r8d,9   (a WriteBits width)
[2026-09-04 21:41:00.713] [INFO] [Plugin:esr.extended-states] WIRE writer sub_140539890  +53A133  mov edx,1FFh (an end of list value)
[2026-09-04 21:41:00.727] [INFO] [Plugin:esr.extended-states] WIRE writer sub_140539890  +53A13D  mov r8d,9   (a WriteBits width)
[2026-09-04 21:41:00.742] [INFO] [Plugin:esr.extended-states] WIRE writer sub_14053A210  +53A617  mov r8d,9   (a WriteBits width)
[2026-09-04 21:41:00.755] [INFO] [Plugin:esr.extended-states] WIRE writer sub_14053A210  +53A68B  mov edx,1FFh (an end of list value)
[2026-09-04 21:41:00.771] [INFO] [Plugin:esr.extended-states] WIRE writer sub_14053A210  +53A696  mov r8d,9   (a WriteBits width)
[2026-09-04 21:41:00.786] [INFO] [Plugin:esr.extended-states] WIRE survey done. Send these lines.
[2026-09-04 21:41:00.798] [INFO] [Plugin:esr.extended-states] Hooks installed and cap patches applied.
[2026-09-04 21:41:26.765] [INFO] [Plugin:esr.extended-states] TRACE state 794 -> SET  unit 0000000111D0D140 callers +335578 +569A98 +43B58C +4366CF +42D401 +4FDC4A +4ACF58 +4F30BD +51A1C8 +406B84
[2026-09-04 21:41:26.782] [INFO] [Plugin:esr.extended-states] TRACE state 794 -> SET  unit 000000015A9BE6D0 callers +335578 +21A9A4 +12E7B8 +13189D +95501 +8C13F +87446 +B6B7B +B667F +7E9CC
[2026-09-04 21:41:30.644] [INFO] [Plugin:esr.extended-states] TRACE state 794 -> CLEAR  unit 0000000111D0D140 callers +335578 +436293 +2F71A7 +2F9ECF +2F83F0 +42CEB5 +48CB34 +48B67F +40679B +4064C6
[2026-09-04 21:41:30.659] [INFO] [Plugin:esr.extended-states] TRACE state 794 -> CLEAR  unit 000000015A9BE6D0 callers +335578 +21AD1B +12E9D9 +13189D +95501 +8C13F +87446 +B6B7B +B667F +7E9CC
[2026-09-04 21:41:30.901] [INFO] [Plugin:esr.extended-states] TRACE state 794 -> SET  unit 0000000111D0D140 callers +335578 +569A98 +43B58C +4366CF +42D401 +4FDC4A +4ACF58 +4F30BD +51A1C8 +406B84
[2026-09-04 21:41:30.932] [INFO] [Plugin:esr.extended-states] TRACE state 794 -> SET  unit 000000015A9BE6D0 callers +335578 +21A9A4 +12E7B8 +13189D +95501 +8C13F +87446 +B6B7B +B667F +7E9CC
[2026-09-04 21:41:32.893] [INFO] [Plugin:esr.extended-states] TRACE state 794 -> CLEAR  unit 0000000111D0D140 callers +335578 +436293 +2F71A7 +2F9ECF +2F83F0 +42CEB5 +48CB34 +48B67F +40679B +4064C6
[2026-09-04 21:41:32.907] [INFO] [Plugin:esr.extended-states] TRACE state 794 -> CLEAR  unit 000000015A9BE6D0 callers +335578 +21AD1B +12E9D9 +13189D +95501 +8C13F +87446 +B6B7B +B667F +7E9CC
[2026-09-04 21:41:41.558] [INFO] [Plugin:esr.extended-states] TRACE state 794 -> SET  unit 0000000111D0D140 callers +335578 +569A98 +43B58C +4366CF +42D2A0 +4F8F66 +4AD013 +4F30BD +51A1C8 +406B84
[2026-09-04 21:41:41.572] [INFO] [Plugin:esr.extended-states] TRACE state 794 -> SET  unit 000000015A9BE6D0 callers +335578 +21A9A4 +12E7B8 +13189D +95501 +8C13F +87446 +B6B7B +B667F +7E9CC
[2026-09-04 21:41:43.515] [INFO] [Plugin:esr.extended-states] TRACE state 794 -> CLEAR  unit 0000000111D0D140 callers +335578 +436293 +2F71A7 +2F9ECF +2F83F0 +42CEB5 +48CB34 +48B67F +40679B +4064C6
[2026-09-04 21:41:43.527] [INFO] [Plugin:esr.extended-states] TRACE state 794 -> CLEAR  unit 000000015A9BE6D0 callers +335578 +21AD1B +12E9D9 +13189D +95501 +8C13F +87446 +B6B7B +B667F +7E9CC
[2026-09-04 21:41:44.229] [INFO] [Plugin:esr.extended-states] TRACE state 794 -> SET  unit 0000000111D0D140 callers +335578 +569A98 +43B58C +4366CF +42D2A0 +4F8F66 +4AD013 +4F30BD +51A1C8 +406B84
[2026-09-04 21:41:44.242] [INFO] [Plugin:esr.extended-states] TRACE state 794 -> SET  unit 000000015A9BE6D0 callers +335578 +21A9A4 +12E7B8 +13189D +95501 +8C13F +87446 +B6B7B +B667F +7E9CC
[2026-09-04 21:41:44.916] [INFO] [Plugin:esr.extended-states] TRACE state 794 -> CLEAR  unit 0000000111D0D140 callers +335578 +436293 +2F71A7 +2F9ECF +2F7B93 +42E7EA +42A47F +42D2A0 +44AF4F +44B4F9
[2026-09-04 21:41:44.929] [INFO] [Plugin:esr.extended-states] TRACE state 794 -> CLEAR  unit 000000015A9BE6D0 callers +335578 +21AD1B +12E9D9 +13189D +95501 +8C13F +87446 +B6B7B +B667F +7E9CC
[2026-09-04 21:42:49.191] [INFO] [Plugin:esr.extended-states] esr.extended-states 2.4.0: 4096 states, 1024 byte bitmaps in plugin memory, game pool untouched.
[2026-09-04 21:42:49.552] [INFO] [Plugin:esr.extended-states] WIRE reader sub_14012E9F0  +12EA73  mov edx,9   (a ReadBits width)
[2026-09-04 21:42:49.568] [INFO] [Plugin:esr.extended-states] WIRE reader sub_14012E9F0  +12EA84  cmp eax,1FFh (an end of list test)
[2026-09-04 21:42:49.580] [INFO] [Plugin:esr.extended-states] WIRE reader sub_14012E9F0  +12EAD2  mov edx,9   (a ReadBits width)
[2026-09-04 21:42:49.595] [INFO] [Plugin:esr.extended-states] WIRE reader sub_14012E9F0  +12EAE6  cmp eax,1FFh (an end of list test)
[2026-09-04 21:42:49.608] [INFO] [Plugin:esr.extended-states] WIRE reader sub_14012E9F0  +12EBFA  mov edx,9   (a ReadBits width)
[2026-09-04 21:42:49.622] [INFO] [Plugin:esr.extended-states] WIRE reader sub_14012E9F0  +12EC0E  cmp eax,1FFh (an end of list test)
[2026-09-04 21:42:49.635] [INFO] [Plugin:esr.extended-states] WIRE reader sub_14012E9F0  +12EC23  mov edx,9   (a ReadBits width)
[2026-09-04 21:42:49.651] [INFO] [Plugin:esr.extended-states] WIRE reader sub_14012E9F0  +12EC34  cmp eax,1FFh (an end of list test)
[2026-09-04 21:42:49.664] [INFO] [Plugin:esr.extended-states] WIRE writer sub_140539890  +539FFA  mov r8d,9   (a WriteBits width)
[2026-09-04 21:42:49.678] [INFO] [Plugin:esr.extended-states] WIRE writer sub_140539890  +53A059  mov r8d,9   (a WriteBits width)
[2026-09-04 21:42:49.692] [INFO] [Plugin:esr.extended-states] WIRE writer sub_140539890  +53A09F  mov edx,1FFh (an end of list value)
[2026-09-04 21:42:49.708] [INFO] [Plugin:esr.extended-states] WIRE writer sub_140539890  +53A0A5  mov r8d,9   (a WriteBits width)
[2026-09-04 21:42:49.722] [INFO] [Plugin:esr.extended-states] WIRE writer sub_140539890  +53A133  mov edx,1FFh (an end of list value)
[2026-09-04 21:42:49.734] [INFO] [Plugin:esr.extended-states] WIRE writer sub_140539890  +53A13D  mov r8d,9   (a WriteBits width)
[2026-09-04 21:42:49.749] [INFO] [Plugin:esr.extended-states] WIRE writer sub_14053A210  +53A617  mov r8d,9   (a WriteBits width)
[2026-09-04 21:42:49.762] [INFO] [Plugin:esr.extended-states] WIRE writer sub_14053A210  +53A68B  mov edx,1FFh (an end of list value)
[2026-09-04 21:42:49.777] [INFO] [Plugin:esr.extended-states] WIRE writer sub_14053A210  +53A696  mov r8d,9   (a WriteBits width)
[2026-09-04 21:42:49.801] [INFO] [Plugin:esr.extended-states] WIRE survey done. Send these lines.
[2026-09-04 21:42:49.820] [INFO] [Plugin:esr.extended-states] Hooks installed and cap patches applied.
[2026-09-04 21:58:48.930] [INFO] [Plugin:esr.extended-states] esr.extended-states 2.4.0: 4096 states, 1024 byte bitmaps in plugin memory, game pool untouched.
[2026-09-04 21:58:49.270] [INFO] [Plugin:esr.extended-states] WIRE reader sub_14012E9F0  +12EA73  mov edx,9   (a ReadBits width)
[2026-09-04 21:58:49.285] [INFO] [Plugin:esr.extended-states] WIRE reader sub_14012E9F0  +12EA84  cmp eax,1FFh (an end of list test)
[2026-09-04 21:58:49.298] [INFO] [Plugin:esr.extended-states] WIRE reader sub_14012E9F0  +12EAD2  mov edx,9   (a ReadBits width)
[2026-09-04 21:58:49.313] [INFO] [Plugin:esr.extended-states] WIRE reader sub_14012E9F0  +12EAE6  cmp eax,1FFh (an end of list test)
[2026-09-04 21:58:49.326] [INFO] [Plugin:esr.extended-states] WIRE reader sub_14012E9F0  +12EBFA  mov edx,9   (a ReadBits width)
[2026-09-04 21:58:49.339] [INFO] [Plugin:esr.extended-states] WIRE reader sub_14012E9F0  +12EC0E  cmp eax,1FFh (an end of list test)
[2026-09-04 21:58:49.352] [INFO] [Plugin:esr.extended-states] WIRE reader sub_14012E9F0  +12EC23  mov edx,9   (a ReadBits width)
[2026-09-04 21:58:49.365] [INFO] [Plugin:esr.extended-states] WIRE reader sub_14012E9F0  +12EC34  cmp eax,1FFh (an end of list test)
[2026-09-04 21:58:49.376] [INFO] [Plugin:esr.extended-states] WIRE writer sub_140539890  +539FFA  mov r8d,9   (a WriteBits width)
[2026-09-04 21:58:49.390] [INFO] [Plugin:esr.extended-states] WIRE writer sub_140539890  +53A059  mov r8d,9   (a WriteBits width)
[2026-09-04 21:58:49.403] [INFO] [Plugin:esr.extended-states] WIRE writer sub_140539890  +53A09F  mov edx,1FFh (an end of list value)
[2026-09-04 21:58:49.416] [INFO] [Plugin:esr.extended-states] WIRE writer sub_140539890  +53A0A5  mov r8d,9   (a WriteBits width)
[2026-09-04 21:58:49.435] [INFO] [Plugin:esr.extended-states] WIRE writer sub_140539890  +53A133  mov edx,1FFh (an end of list value)
[2026-09-04 21:58:49.447] [INFO] [Plugin:esr.extended-states] WIRE writer sub_140539890  +53A13D  mov r8d,9   (a WriteBits width)
[2026-09-04 21:58:49.461] [INFO] [Plugin:esr.extended-states] WIRE writer sub_14053A210  +53A617  mov r8d,9   (a WriteBits width)
[2026-09-04 21:58:49.473] [INFO] [Plugin:esr.extended-states] WIRE writer sub_14053A210  +53A68B  mov edx,1FFh (an end of list value)
[2026-09-04 21:58:49.485] [INFO] [Plugin:esr.extended-states] WIRE writer sub_14053A210  +53A696  mov r8d,9   (a WriteBits width)
[2026-09-04 21:58:49.497] [INFO] [Plugin:esr.extended-states] WIRE survey done. Send these lines.
[2026-09-04 21:58:49.510] [INFO] [Plugin:esr.extended-states] Hooks installed and cap patches applied.
[2026-09-04 22:14:08.814] [INFO] [Plugin:esr.extended-states] esr.extended-states 2.4.0: 4096 states, 1024 byte bitmaps in plugin memory, game pool untouched.
[2026-09-04 22:14:09.110] [INFO] [Plugin:esr.extended-states] WIRE reader sub_14012E9F0  +12EA73  mov edx,9   (a ReadBits width)
[2026-09-04 22:14:09.122] [INFO] [Plugin:esr.extended-states] WIRE reader sub_14012E9F0  +12EA84  cmp eax,1FFh (an end of list test)
[2026-09-04 22:14:09.136] [INFO] [Plugin:esr.extended-states] WIRE reader sub_14012E9F0  +12EAD2  mov edx,9   (a ReadBits width)
[2026-09-04 22:14:09.151] [INFO] [Plugin:esr.extended-states] WIRE reader sub_14012E9F0  +12EAE6  cmp eax,1FFh (an end of list test)
[2026-09-04 22:14:09.165] [INFO] [Plugin:esr.extended-states] WIRE reader sub_14012E9F0  +12EBFA  mov edx,9   (a ReadBits width)
[2026-09-04 22:14:09.181] [INFO] [Plugin:esr.extended-states] WIRE reader sub_14012E9F0  +12EC0E  cmp eax,1FFh (an end of list test)
[2026-09-04 22:14:09.197] [INFO] [Plugin:esr.extended-states] WIRE reader sub_14012E9F0  +12EC23  mov edx,9   (a ReadBits width)
[2026-09-04 22:14:09.211] [INFO] [Plugin:esr.extended-states] WIRE reader sub_14012E9F0  +12EC34  cmp eax,1FFh (an end of list test)
[2026-09-04 22:14:09.223] [INFO] [Plugin:esr.extended-states] WIRE writer sub_140539890  +539FFA  mov r8d,9   (a WriteBits width)
[2026-09-04 22:14:09.235] [INFO] [Plugin:esr.extended-states] WIRE writer sub_140539890  +53A059  mov r8d,9   (a WriteBits width)
[2026-09-04 22:14:09.246] [INFO] [Plugin:esr.extended-states] WIRE writer sub_140539890  +53A09F  mov edx,1FFh (an end of list value)
[2026-09-04 22:14:09.259] [INFO] [Plugin:esr.extended-states] WIRE writer sub_140539890  +53A0A5  mov r8d,9   (a WriteBits width)
[2026-09-04 22:14:09.270] [INFO] [Plugin:esr.extended-states] WIRE writer sub_140539890  +53A133  mov edx,1FFh (an end of list value)
[2026-09-04 22:14:09.281] [INFO] [Plugin:esr.extended-states] WIRE writer sub_140539890  +53A13D  mov r8d,9   (a WriteBits width)
[2026-09-04 22:14:09.294] [INFO] [Plugin:esr.extended-states] WIRE writer sub_14053A210  +53A617  mov r8d,9   (a WriteBits width)
[2026-09-04 22:14:09.306] [INFO] [Plugin:esr.extended-states] WIRE writer sub_14053A210  +53A68B  mov edx,1FFh (an end of list value)
[2026-09-04 22:14:09.320] [INFO] [Plugin:esr.extended-states] WIRE writer sub_14053A210  +53A696  mov r8d,9   (a WriteBits width)
[2026-09-04 22:14:09.334] [INFO] [Plugin:esr.extended-states] WIRE survey done. Send these lines.
[2026-09-04 22:14:09.347] [INFO] [Plugin:esr.extended-states] Hooks installed and cap patches applied.
